State,County,Total Cost,Number of Children
GA,1,73392.46815803794,2714
GA,3,47786.76445286453,1560
GA,5,39628.97875358431,1641
GA,7,23743.228870836767,384
GA,9,351648.8880692501,5265
GA,11,60748.216302970046,1890
GA,13,312230.4846263497,8743
GA,15,357503.7687402394,12281
GA,17,115265.57422491926,3045
GA,19,72721.15586952814,2721
GA,21,1024775.1239271014,24072
GA,23,29041.536260974863,1326
GA,25,45941.112719444325,2474
GA,27,76046.66630529785,2209
GA,29,52002.09504231005,2443
GA,31,187147.96692113872,7058
GA,33,167836.38186530606,3906
GA,35,91675.79428825916,2752
GA,37,29746.075806294964,733
GA,39,85877.89359510031,4631
GA,43,36461.413055000565,1733
GA,45,386520.7979885889,12896
GA,47,168191.71165745865,6908
GA,49,32463.881503781748,1311
GA,51,745789.1625620774,28281
GA,53,21533.88830072433,426
GA,55,100913.52568832424,3379
GA,57,403520.96772109705,13631
GA,59,549813.1027411423,13135
GA,61,46434.34495031001,604
GA,63,2015273.1924807376,53542
GA,65,28175.88489910484,1188
GA,67,1797565.6807919266,58619
GA,69,251830.16828189828,6780
GA,71,394740.59067317453,8030
GA,73,272150.6774627343,7503
GA,75,83605.47263162375,2787
GA,77,247002.04966292816,10932
GA,79,46289.512232946785,1485
GA,81,154498.37048385982,3707
GA,83,24438.751050108775,1273
GA,85,42267.3202315107,1695
GA,87,173535.68335627142,4670
GA,89,3730627.778348153,88671
GA,91,75179.88772347673,2481
GA,93,53348.555644995,1510
GA,95,1095349.0500300315,18223
GA,97,542874.3475293961,15649
GA,99,83498.31164875807,1882
GA,101,12812.599550830431,630
GA,103,113099.7653777628,4520
GA,105,97781.18321205939,2657
GA,107,88849.59783940461,3687
GA,109,42594.890074618386,1789
GA,111,61788.47266600506,2350
GA,113,139308.80828281242,5173
GA,115,463075.21824952454,12034
GA,117,240557.8322069688,7683
GA,119,90913.96459993142,2734
GA,121,4391481.275744752,103025
GA,123,122054.09881608012,3272
GA,125,7857.413169348767,348
GA,127,239064.40878100035,9337
GA,129,234986.8137027897,6824
GA,131,125797.10795893734,3627
GA,133,67765.92057689316,1996
GA,135,2891986.8347473657,87166
GA,137,116750.6717335328,4479
GA,139,668504.9439462079,25514
GA,141,48826.537690920195,1110
GA,143,102615.97967882213,3532
GA,145,53570.700778436985,1620
GA,147,118058.80279764225,2949
GA,149,38073.898748160915,1544
GA,151,639443.4092438463,16781
GA,153,492390.14485853096,15177
GA,155,54193.559949392264,1368
GA,157,193746.16374045727,5673
GA,159,60294.7118420938,1730
GA,161,40184.42404193458,2562
GA,163,121629.67979646006,2625
GA,165,44384.03143319574,1340
GA,167,41057.92392307984,1129
GA,169,73413.43663246077,2431
GA,171,75712.43157056627,1978
GA,173,41395.22402524378,1318
GA,175,257549.6331669469,7865
GA,177,118742.80187222015,2852
GA,179,158627.69065944685,6058
GA,181,26630.088525351468,805
GA,183,40916.18449834221,2008
GA,185,546406.8740281875,14480
GA,187,55313.27299963753,2404
GA,189,87269.25997169982,3482
GA,191,19402.39913832083,1309
GA,193,55720.74628236453,1525
GA,195,118548.56142838445,3577
GA,197,43032.07784943815,980
GA,199,98110.11554115322,2921
GA,201,29995.19853122025,813
GA,205,192870.44861552183,3596
GA,207,60860.866371199474,2089
GA,209,27490.684889402524,996
GA,211,58443.44308164676,1741
GA,213,210022.3383391472,6209
GA,215,914575.6226753272,26437
GA,217,500132.9369261703,12628
GA,219,51682.612501330674,1604
GA,221,38324.35201873295,1050
GA,223,360743.79407396505,11484
GA,225,127057.907281295,3229
GA,227,80587.46155849054,2837
GA,229,49849.784756531575,2461
GA,231,46393.85979921832,1657
GA,233,197418.8544685781,6030
GA,235,29071.28317153674,1049
GA,237,110400.47953261883,2562
GA,239,8408.622449813258,309
GA,241,44105.10572745,1572
GA,243,48907.97274438523,1004
GA,245,985849.1624498076,31130
GA,247,429824.847423599,10167
GA,249,15950.162171928943,529
GA,251,54129.70240425425,2066
GA,253,77724.11925263933,1401
GA,255,355289.2312134108,9183
GA,257,126320.90273196304,3480
GA,259,11542.290572390571,541
GA,261,287039.8253751363,5338
GA,263,24844.805619598275,617
GA,265,7225.74335541909,279
GA,267,66474.09392097898,2802
GA,269,41848.67223061285,968
GA,271,39368.28815628815,1410
GA,273,93124.2519785648,1502
GA,275,232081.32149051325,6450
GA,277,193424.52717664128,6409
GA,279,125478.67321006287,4607
GA,281,20652.369536754093,714
GA,283,28742.365703108866,890
GA,285,245979.23054110922,9001
GA,287,47070.97294855111,1368
GA,289,48626.45940371763,908
GA,291,52273.92615601992,1715
GA,293,131277.01762557775,3755
GA,295,166513.14777749465,7216
GA,297,319581.42028940376,8533
GA,299,103496.37994995117,5293
GA,301,18995.293107369213,739
GA,303,79557.33284359577,2785
GA,305,185123.73632715747,6303
GA,307,13859.509989547489,307
GA,309,23903.84747197248,802
GA,311,51052.820963648934,2412
GA,313,384509.76364997897,13825
GA,315,29797.47521355278,1054
GA,317,51040.65001532285,1355
GA,319,52451.48302285948,1341
GA,321,102891.52180791383,2579
GA,999,0.0,0
PA,1,95049.04354395604,6780
PA,3,583546.6319436198,91435
PA,5,29207.411944444444,5698
PA,7,220058.6834821429,14059
PA,9,160575.02358928605,4099
PA,11,1862492.63280518,41513
PA,13,382462.7312472534,11969
PA,15,209265.2887516204,5284
PA,17,1716600.5322219997,30094
PA,19,54224.74040404042,10204
PA,21,452280.3687041467,11641
PA,23,11805.596545121543,510
PA,25,160867.91232548337,5270
PA,27,265038.59233292466,5752
PA,29,1208813.527479373,23066
PA,31,88558.38905488694,2969
PA,33,296610.3513322825,7526
PA,35,186301.41156181446,3195
PA,37,257802.10459023566,4790
PA,39,267819.33522522304,8215
PA,41,128759.37101297046,12581
PA,43,210940.05586749848,26328
PA,45,3478191.7935694433,45981
PA,47,76608.01225102869,2466
PA,49,784205.0591448542,32406
PA,51,103134.63928571426,14593
PA,53,6189.9595238095235,356
PA,55,474460.8442895487,11955
PA,57,49360.11226551227,1183
PA,59,13253.48717948718,3471
PA,61,156519.0758518265,3758
PA,63,46025.115476190476,6066
PA,65,172375.17536516348,4232
PA,67,58729.09056575949,1588
PA,69,834341.052815047,19150
PA,71,1251397.9104216418,40231
PA,73,134016.64490995122,8220
PA,75,187143.47576358827,11592
PA,77,1127663.3939076762,34373
PA,79,1299562.4823579162,31708
PA,81,381651.9824666035,9709
PA,83,121816.0076542482,4379
PA,85,421223.3192001805,10844
PA,87,212148.01779440523,4205
PA,89,384596.3082903215,14996
PA,91,2257116.477428689,38548
PA,93,80205.22705612617,1087
PA,95,614673.3703938434,21321
PA,97,410049.4117590899,8215
PA,99,18958.829166666666,3138
PA,101,14493109.935607595,250481
PA,103,124499.85046945025,4385
PA,105,38967.139780117264,1675
PA,107,455675.44056200545,12745
PA,109,151451.74008295362,2823
PA,111,126827.4854647668,5571
PA,113,22668.8455988456,372
PA,115,139791.94700653074,3481
PA,117,78182.55130370472,3346
PA,119,145229.1102840061,2580
PA,121,193439.8114008481,5244
PA,123,49640.05334942836,3473
PA,125,96624.35968915344,14187
PA,127,197235.76212133848,4065
PA,129,164093.05298202616,24232
PA,131,105250.45302990274,2361
PA,133,648971.5673152008,35767
NY,1,1075621.7860569102,19232
NY,3,111113.01560021883,3807
NY,5,798149.9592192499,16943
NY,9,277152.35906196013,6684
NY,11,268886.3638657773,5899
NY,13,512388.8116801122,12840
NY,15,220202.27663810868,8219
NY,17,160694.09915115047,4396
NY,19,244443.5083804656,5708
NY,21,219305.69076782805,4061
NY,23,112120.33632037633,4090
NY,25,98521.86649666868,3502
NY,27,747888.4000509094,14519
NY,29,2968769.0480035944,72930
NY,31,100779.34459913152,2345
NY,33,128769.64633195075,3647
NY,35,215663.05386832915,5219
NY,37,143337.63273827074,3624
NY,39,112361.04993899654,3301
NY,41,7547.478463203463,251
NY,43,238660.2976363971,5346
NY,45,166691.62197087833,7806
NY,49,65708.65010984387,1967
NY,51,115299.24839094616,3711
NY,53,129270.4769696958,4576
NY,55,3224474.673163184,61346
NY,57,249182.9183465711,5473
NY,59,3143645.0224189064,57857
NY,61,65863320.13889686,1160844
NY,63,733206.971252883,15886
NY,65,1129209.1061758006,22567
NY,67,1777597.1876666942,38311
NY,69,255214.3314749809,6114
NY,71,2060851.3902629442,35063
NY,73,160975.5508151016,3536
NY,75,479273.69864221424,11583
NY,77,147284.40834450515,3811
NY,79,92733.120123289,2108
NY,83,563083.131231386,11638
NY,87,2115705.321296683,36990
NY,89,293156.9501052265,8432
NY,91,363683.26053957385,9005
NY,93,631959.3019628825,13737
NY,95,73280.28264742691,2043
NY,97,67461.244032978,1409
NY,99,89216.06891672077,2334
NY,101,294888.49280504923,7554
NY,103,4545854.652971571,82129
NY,105,402685.1624358873,8003
NY,107,109253.2521906742,3794
NY,109,263217.4834230757,4990
NY,111,620344.5911333773,11117
NY,113,148957.5006182442,3953
NY,115,149232.425370196,4790
NY,117,341476.54988483345,6421
NY,119,3677305.908687691,58698
NY,121,41187.20546677695,2232
NY,123,58389.64599245272,1811
NY,999,384391.4649498141,605
SC,1,129551.5190362202,3192
SC,3,756122.7253124685,19554
SC,5,75964.08023779401,1711
SC,7,855138.4617880242,22177
SC,9,100005.6259234708,2392
SC,11,192341.5883806968,3928
SC,13,398303.9224357417,15348
SC,15,657010.4519921076,19652
SC,17,66165.17255319997,1817
SC,19,1599325.734536801,38081
SC,21,307155.17879539204,8026
SC,23,221102.9206169109,5308
SC,25,241715.47311437665,6736
SC,27,222438.39247178336,5141
SC,29,267215.3392460307,6893
SC,31,484588.4628884636,10333
SC,33,249423.7439113321,6473
SC,35,471538.29970379616,13328
SC,37,103822.788048108,2636
SC,39,147200.45283189032,3513
SC,41,797199.1648159737,20961
SC,43,258727.55520419465,7909
SC,45,2575073.0107813887,49290
SC,47,382159.3266957713,9922
SC,49,127488.23103893713,3379
SC,51,1228866.622227468,34466
SC,53,149139.04035808632,4315
SC,55,285760.4803290627,7956
SC,57,311685.8364382514,9239
SC,59,380907.7126932056,8956
SC,61,154160.24045227256,3301
SC,63,1046580.628495098,27879
SC,65,27727.385922398757,883
SC,67,265707.7605990313,6366
SC,69,221192.3836210755,4982
SC,71,225884.02544884488,5376
SC,73,363641.8790633725,8821
SC,75,594558.8241285229,14859
SC,77,578068.7009620429,12069
SC,79,2056440.1109380203,43229
SC,81,127140.4575259292,3064
SC,83,1538824.0309135583,36008
SC,85,508206.04544438,15844
SC,87,193971.97421335446,4003
SC,89,276237.62163159344,5587
SC,91,891735.9612132978,22903
SC,999,0.0,0
TN,0,180682.77457287887,6086
TN,1,616858.1218160859,8193
TN,3,517442.2055165029,7177
TN,5,170747.82879906008,1983
TN,7,85774.41162285465,1694
TN,9,903566.3006667355,11286
TN,11,765421.4674703124,11481
TN,13,527697.4536078428,5858
TN,15,108941.46678826383,1610
TN,17,292006.26395391964,3730
TN,19,425585.2412549301,6523
TN,21,254320.6833986072,3939
TN,23,134118.53501536546,1976
TN,25,337895.61094882357,3970
TN,27,73198.54715326882,1088
TN,29,453879.18422577967,5349
TN,31,523771.09666049347,6927
TN,33,238399.96596978532,2097
TN,35,382082.04013155575,6284
TN,37,6393848.220659266,80135
TN,39,115970.27897710945,1327
TN,41,202882.7004694202,2614
TN,43,438679.96495805116,5596
TN,45,548646.9405080086,5549
TN,47,291747.30756613537,3497
TN,49,225078.8069272341,2775
TN,51,329663.5118544759,3821
TN,53,542168.3686243793,6343
TN,55,289558.2432252302,3154
TN,57,232476.5028801255,2780
TN,59,551507.2132473717,7162
TN,61,189372.5834758944,2393
TN,63,737555.3317667246,8626
TN,65,3008519.5553476056,34267
TN,67,80504.38240317327,1074
TN,69,315743.9618235905,3447
TN,71,252485.80614778886,3459
TN,73,489345.405231121,6745
TN,75,330346.6108259965,3076
TN,77,254893.3442809894,3550
TN,79,309132.3986578539,4156
TN,81,252079.7738206621,3173
TN,83,68456.5293828133,989
TN,85,116144.08108759805,2081
TN,87,81670.48756898845,1382
TN,89,548466.4297027128,6191
TN,91,141836.84387310516,2048
TN,93,3333095.560587215,38351
TN,95,88462.33045170677,986
TN,97,350594.0850131643,4112
TN,99,523067.24915625714,5152
TN,101,129853.63616130606,1605
TN,103,233920.18895953344,4003
TN,105,399702.59234221716,4617
TN,107,520928.52332998405,6274
TN,109,302811.49608262745,3715
TN,111,238088.67376742786,3522
TN,113,1128705.7677029069,12690
TN,115,255123.4191428725,3585
TN,117,240813.50646345122,3605
TN,119,654669.9443138043,9591
TN,121,136636.14012043548,1516
TN,123,524290.1399262744,5701
TN,125,1158125.1768133088,16293
TN,127,46736.40040302191,524
TN,129,193554.8899621284,2430
TN,131,311849.4699032603,3954
TN,133,164897.659448475,2523
TN,135,91420.31171049883,1083
TN,137,32825.48431305536,542
TN,139,143263.11137883295,2042
TN,141,524451.1799567267,8191
TN,143,356576.82951947383,4801
TN,145,400215.88525904866,5352
TN,147,537515.1686835064,8002
TN,149,1878227.3044360424,26044
TN,151,389850.6763113944,3852
TN,153,160724.3463258237,2024
TN,155,1056223.6773849751,10882
TN,157,11812029.07946466,146138
TN,159,109979.91081374476,2251
TN,161,93671.8275702752,1513
TN,163,1171303.838704993,15641
TN,165,1206249.7374473843,15298
TN,167,688461.9078171352,7473
TN,169,78234.12100250374,998
TN,171,113215.32563108626,2063
TN,173,268590.57286386803,2764
TN,175,29189.75158297585,683
TN,177,363867.06215211115,5541
TN,179,767864.3877572226,10825
TN,181,134719.1979379931,1694
TN,183,217121.06332894086,3598
TN,185,220971.1452730017,3348
TN,187,459636.0642744518,6171
TN,189,588040.6337821062,9329
TN,999,0.0,0
TX,1,161397.02035232185,5890
TX,3,11169.188759157507,1770
TX,5,281186.36566063296,12147
TX,7,76610.84272719322,2589
TX,9,4727.003869047619,475
TX,11,3221.993777056277,114
TX,13,184535.37646872728,6827
TX,15,86813.79278182206,2795
TX,17,47278.58116072381,1315
TX,19,37390.55044951579,1488
TX,21,313820.42829582084,9257
TX,23,11029.415776815778,359
TX,25,114303.8133079032,3864
TX,27,952879.9920363043,34089
TX,29,8150020.218302817,232152
TX,31,9054.384722222225,707
TX,33,446.16666666666674,31
TX,35,48704.526415567365,1881
TX,37,301043.46851411107,12123
TX,39,901866.9596336541,29405
TX,41,505912.92659900844,17916
TX,43,17734.540105598677,710
TX,45,3718.577380952381,170
TX,47,45577.70092268483,1574
TX,49,108061.98984485137,4249
TX,51,44070.1297837579,1837
TX,53,122532.39052530176,4089
TX,55,189177.33756293292,5290
TX,57,82968.48223467043,2855
TX,59,27760.609637870297,1209
TX,61,4406989.775676872,94304
TX,63,62407.179794099626,2060
TX,65,5198.1520111832615,322
TX,67,87493.45883744945,3558
TX,69,29520.857739945248,1414
TX,71,78763.89084815737,3053
TX,73,185969.16669405447,7416
TX,75,10834.87049022958,760
TX,77,6955.088150738151,731
TX,79,13531.83976856477,515
TX,81,4680.404497354499,240
TX,83,22266.642712842713,1018
TX,85,1531473.1161380452,42965
TX,87,7016.332936507936,420
TX,89,44073.918392718406,2382
TX,91,248533.0177052013,8505
TX,93,45211.080191220804,1512
TX,95,2778.810389610389,248
TX,97,101775.90548444763,4294
TX,99,148959.75245834258,5472
TX,101,1460.647222222222,190
TX,103,4742.476945970695,394
TX,105,7504.881615971749,401
TX,107,28750.25138152468,995
TX,109,3322.844047619048,333
TX,111,20168.344775132267,1014
TX,113,14587826.776645765,377126
TX,115,38267.072351817566,1886
TX,117,75813.78754379532,3554
TX,119,26745.849336774336,545
TX,121,1439962.359791746,43001
TX,123,77367.09773577796,2353
TX,125,2798.2428571428572,212
TX,127,44294.268116649764,2093
TX,129,6007.3997925685435,308
TX,131,38238.44837084213,1853
TX,133,35932.40565966684,2063
TX,135,255449.57460613453,20115
TX,137,14551.209090909091,188
TX,139,563265.5739910378,16167
TX,141,3124484.724230146,136872
TX,143,93181.74928350162,3664
TX,145,56595.83862005098,2040
TX,147,102803.86900105256,3338
TX,149,55427.03928009403,1847
TX,151,11446.435203109582,316
TX,153,29138.879322641013,1063
TX,155,1505.8051282051279,125
TX,157,1567690.562848513,43486
TX,159,33709.035108420154,1218
TX,161,43859.2428481241,1931
TX,163,51551.65611278819,2992
TX,165,31616.917473036217,2364
TX,167,975961.5219243205,28761
TX,169,22305.46415518861,605
TX,171,28655.62891852157,1839
TX,173,2635.25,67
TX,175,24042.793079191757,677
TX,177,69725.70915387291,3230
TX,179,26414.114544252046,2623
TX,181,408476.49201278045,13508
TX,183,515523.4587880705,16335
TX,185,67050.62089832124,2865
TX,187,350918.9679167347,11965
TX,189,155221.94321732188,5666
TX,191,4813.107702020202,460
TX,193,16321.059715284717,789
TX,195,6748.907936507936,609
TX,197,7592.043870018871,453
TX,199,147096.46993145734,5191
TX,201,23271548.80980782,586571
TX,203,245549.49673868282,8319
TX,205,2461.077777777778,258
TX,207,13881.619482600734,610
TX,209,393533.7034253378,13366
TX,211,4943.6634920634915,345
TX,213,278684.3453712911,9794
TX,215,8182132.449864273,198802
TX,217,132990.56283126803,4375
TX,219,79713.71215803851,3130
TX,221,150693.16308279,4475
TX,223,138352.11136590026,4228
TX,225,85530.26113909237,2485
TX,227,77598.17418374815,4000
TX,229,17056.44871933622,578
TX,231,352706.68422146555,10091
TX,233,66152.34043351255,2366
TX,235,3028.613095238095,91
TX,237,9635.129047110295,819
TX,239,41779.491453224284,1686
TX,241,177608.24595508524,4659
TX,243,3206.221342383107,111
TX,245,1254102.7670741421,33141
TX,247,31082.92053411987,993
TX,249,178489.12209232448,6780
TX,251,459673.561935382,16901
TX,253,43579.941718929236,1738
TX,255,78447.84068678935,1694
TX,257,397376.38194965146,11868
TX,259,62737.64696251987,2034
TX,261,1705.3,54
TX,263,941.7916666666667,63
TX,265,125663.11234183575,4813
TX,267,6190.325164676512,485
TX,269,0.0,11
TX,271,6329.370265151515,347
TX,273,65428.60960430501,4384
TX,275,17740.11523652534,505
TX,277,181405.2172209932,6387
TX,279,57698.761325303225,2317
TX,281,47743.952303613034,2007
TX,283,23223.67076006072,1061
TX,285,62910.59503881464,1746
TX,287,54361.879191124804,1702
TX,289,52201.56561752375,1698
TX,291,270026.5251329502,10406
TX,293,253545.8489408876,2966
TX,295,2724.432936507937,288
TX,297,45266.836020152106,983
TX,299,39561.77361240785,1619
TX,301,44.58333333333334,12
TX,303,1034431.2133614623,34111
TX,305,26189.90893410568,717
TX,307,22003.04223137973,1106
TX,309,834124.1486722772,30135
TX,311,239.33333333333331,29
TX,313,39576.47755672977,1646
TX,315,31689.343698512817,1216
TX,317,7570.238186813187,608
TX,319,3850.215750915751,316
TX,321,189976.30050701665,5624
TX,323,226794.9759795829,12323
TX,325,129523.999902384,5010
TX,327,4889.841071428571,209
TX,329,216024.24530678274,14027
TX,331,99457.88228506788,3217
TX,333,6438.791338854382,484
TX,335,53947.91921689421,852
TX,337,49249.39118009184,1940
TX,339,1478287.824224734,43048
TX,341,78508.46082181411,3442
TX,343,48351.094248286965,1797
TX,345,1017.7142857142858,88
TX,347,138297.35431295348,8433
TX,349,277836.67688374326,7763
TX,351,52041.53374125873,1653
TX,353,28749.53869941333,2103
TX,355,1618651.0556822391,47276
TX,357,23982.04110542236,1178
TX,359,8431.188492063491,236
TX,361,288498.7758465106,9799
TX,363,71321.04992744181,3471
TX,365,63448.88527535919,2576
TX,367,252432.5537600974,9569
TX,369,24398.624243349237,1356
TX,371,25751.27585535809,1841
TX,373,125269.79601406498,5600
TX,375,546997.4413862589,21607
TX,377,13333.514490493171,1173
TX,379,21801.95541576479,1148
TX,381,225665.3094445429,8259
TX,383,8525.016606541607,342
TX,385,7453.188034188033,386
TX,387,31880.83538197913,1420
TX,389,41062.11376262626,1713
TX,391,26201.08224325481,806
TX,393,0.0,40
TX,395,77955.16768574559,2217
TX,397,145510.7746388444,4972
TX,399,25620.63174845164,1150
TX,401,134039.99339808154,5901
TX,403,19055.066511708897,1083
TX,405,20917.80750222,1155
TX,407,93596.91656861156,3229
TX,409,301726.03760625195,9497
TX,411,8543.556938377526,622
TX,413,4046.799728260869,286
TX,415,45323.71508845274,1886
TX,417,4273.2501984126975,286
TX,419,83723.29258508384,4030
TX,421,7316.708928571428,280
TX,423,703853.1049509606,24677
TX,425,17994.51618844119,768
TX,427,797914.4882678613,17107
TX,429,30849.81213112228,1082
TX,431,1227.0396103896105,76
TX,433,2975.033974358975,122
TX,435,10418.980906593408,419
TX,437,26150.601587301593,1114
TX,439,7148353.806777832,215170
TX,441,359618.6523002694,15441
TX,443,0.0,46
TX,445,64055.37789219937,2004
TX,447,1941.6331793206796,123
TX,449,140496.96493943062,5523
TX,451,272063.6378288359,12030
TX,453,3893136.4883421627,105895
TX,455,62622.98419801875,1748
TX,457,51786.941785654286,2209
TX,459,136530.6067797482,4628
TX,461,4830.0556184012075,356
TX,463,112751.25714121196,4682
TX,465,165902.95669664384,8036
TX,467,160179.73807485233,5463
TX,469,450916.22210134595,11827
TX,471,130006.83362663428,5269
TX,473,182887.89397845976,5271
TX,475,28875.4068392256,1226
TX,477,202542.56257890837,3066
TX,479,1829818.5013803397,61506
TX,481,177922.05122915906,5684
TX,483,6534.765873015873,552
TX,485,243184.5218115389,14353
TX,487,34456.02566858465,1833
TX,489,134621.04057568187,4580
TX,491,1002504.2121196941,29067
TX,493,166261.87903374367,3620
TX,495,13334.550669755083,861
TX,497,116905.15695578128,5472
TX,499,84056.9458858321,3939
TX,501,11798.798611111108,913
TX,503,52841.22524262912,2124
TX,505,84004.02507779906,3265
TX,507,58345.50051240817,2840
TX,999,8738.968177655677,535
FL,1,71486.62504306778,1856
FL,3,12049.452609950436,271
FL,5,46560.36763117628,1671
FL,7,33533.72513181735,273
FL,9,95682.88355585263,4139
FL,11,690449.3970792999,17138
FL,13,2002.8351295218945,133
FL,15,18865.693902191222,989
FL,17,17310.060432399918,1033
FL,19,45624.38578323213,1482
FL,21,117556.11573278125,2933
FL,23,17865.839013094508,672
FL,25,1324192.4102337938,27835
FL,27,11524.333575537541,373
FL,29,3495.432208994709,134
FL,31,330079.0950884716,9066
FL,33,111562.93419188654,2788
FL,35,19846.74121919747,800
FL,37,4653.800676406927,97
FL,39,10559.081550917404,480
FL,41,5338.765544640545,146
FL,43,1482.1507936507935,63
FL,45,3031.594871794872,127
FL,47,4016.8902342755277,131
FL,49,17303.18215423853,366
FL,51,27617.466648835685,608
FL,53,37257.53980984617,1508
FL,55,30876.266112185738,861
FL,57,467208.4250412062,13115
FL,59,3026.561796536797,191
FL,61,21239.405403279037,1153
FL,63,8629.853657475653,417
FL,65,4009.294949766417,103
FL,67,889.802786638313,65
FL,69,63154.83105530473,2634
FL,71,181947.35699009194,5833
FL,73,65621.8523876307,1877
FL,75,10750.995368030664,362
FL,77,0.0,73
FL,79,4712.233347208347,192
FL,81,84126.24032470303,2855
FL,83,106947.04586371448,3060
FL,85,18719.103698140094,969
FL,87,5669.241774891775,484
FL,89,9231.059820478436,531
FL,91,47051.462554794285,1481
FL,93,23501.821048260026,511
FL,95,452132.24349599954,13695
FL,97,136948.529764757,4459
FL,99,354067.65952084865,11704
FL,101,123599.73112434293,3725
FL,103,369728.56413102,6521
FL,105,192382.0504247118,6174
FL,107,27508.031413015386,875
FL,109,18314.54659439825,1051
FL,111,89357.91318479391,2774
FL,113,30299.61264799832,1147
FL,115,54502.13084527127,2396
FL,117,69588.22367446318,3219
FL,119,11043.369522239744,411
FL,121,18727.547694516103,466
FL,123,7858.260613460614,187
FL,125,14116.792793040293,127
FL,127,120656.22745390885,4251
FL,129,2912.5857022607024,229
FL,131,9561.557375957378,469
FL,133,3843.085066567419,223
FL,999,2767.696356421356,553
FL,1,522429.6867393471,18534
FL,3,70800.87541028978,2907
FL,5,355551.8207098668,17758
FL,7,85608.61520964747,3042
FL,9,714597.377202812,41191
FL,11,4272870.757424385,152039
FL,13,29562.790691918333,1529
FL,15,207312.96368042447,10420
FL,17,193007.6893773973,11195
FL,19,283388.4563545239,14174
FL,21,608972.9103878754,28146
FL,23,208044.40513017046,8038
FL,25,9803366.709666558,277101
FL,27,90338.38973001378,4776
FL,29,42644.13949057187,1788
FL,31,2270062.5017180853,92553
FL,33,873660.9498393531,32454
FL,35,175455.69092510245,8342
FL,37,33295.395281106365,1137
FL,39,136920.5800218543,6557
FL,41,50515.38444468798,1736
FL,43,17371.96992235025,716
FL,45,33857.117084930316,1315
FL,47,41218.230561552315,1887
FL,49,140465.38538545484,4897
FL,51,157195.3952007335,7088
FL,53,286949.23030188115,16787
FL,55,305194.6374907495,10644
FL,57,3027158.2222730187,136622
FL,59,51035.658973749676,2551
FL,61,195504.58086875206,11501
FL,63,105814.50457336394,5178
FL,65,23418.282592950527,1253
FL,67,17984.685336547605,684
FL,69,562222.4541459676,27759
FL,71,1162274.080586525,60298
FL,73,422545.73664029216,20111
FL,75,85351.9427384559,4283
FL,77,21892.8892318732,917
FL,79,46638.840406003066,2445
FL,81,597355.4764588136,29910
FL,83,746409.5907170299,35005
FL,85,130955.5494033904,9167
FL,87,69629.72548774889,3889
FL,89,112327.02221362485,5552
FL,91,263632.5202395079,13906
FL,93,128730.067408178,5845
FL,95,2702222.5941728503,126461
FL,97,804486.6072648508,44074
FL,99,1918185.4232119888,110185
FL,101,738858.1159277209,39951
FL,103,1957212.3696107657,66647
FL,105,1661516.5623883964,72303
FL,107,257258.45836228746,10929
FL,109,159841.73493171047,9039
FL,111,661553.7616085439,29623
FL,113,191951.05212934982,11167
FL,115,411589.54378316854,23227
FL,117,481051.9758139696,27876
FL,119,88190.51039018297,5008
FL,121,157172.5887343294,5439
FL,123,65380.439944277656,2494
FL,125,32714.137429344537,1456
FL,127,983598.8732619252,45565
FL,129,43891.74773728493,2502
FL,131,76696.39029471345,4511
FL,133,53917.99141769537,2691
FL,999,39600.265803872026,8197
MI,1,28937.923354960683,935
MI,3,20335.15038252683,751
MI,5,435623.91657651967,12115
MI,7,115041.87489422,3068
MI,9,110945.79569780195,2701
MI,11,70219.45410510265,1751
MI,13,33177.27246393311,881
MI,15,178111.3692729504,5486
MI,17,414753.08834649273,10583
MI,19,66015.69859100705,1798
MI,21,950428.1479590592,19933
MI,23,187729.76450554788,5595
MI,25,597053.3765732758,18185
MI,27,209197.0213215689,6024
MI,29,104583.45269323619,2754
MI,31,123988.59551764006,3043
MI,33,129317.83456391092,3746
MI,35,122640.22953701708,4068
MI,37,185900.1892969432,4733
MI,39,52101.60442485787,1501
MI,41,110881.90133378837,3839
MI,43,71603.1521167989,2464
MI,45,303671.0474289881,9042
MI,47,123694.46117052484,3191
MI,49,2997313.4459634414,57758
MI,51,102716.31678300568,2776
MI,53,49647.660418265135,1588
MI,55,230137.17372308386,8086
MI,57,160700.37015861686,4761
MI,59,243731.54420243966,5751
MI,61,125481.80837654606,3312
MI,63,106405.07191467457,3113
MI,65,1291325.528617313,28420
MI,67,274728.3750516268,6951
MI,69,93511.81715687152,2935
MI,71,17572.04621601166,1150
MI,73,174282.5075841275,5331
MI,75,642653.4084981508,18416
MI,77,1074758.853184489,25084
MI,79,97829.55386311914,2372
MI,81,2971020.731928036,71523
MI,83,1350.1487938596492,172
MI,85,57588.386057977375,1429
MI,87,378898.9386180594,8767
MI,89,54476.76416520611,1303
MI,91,422228.04263710283,10586
MI,93,374690.16413221374,10028
MI,95,17524.745507107273,670
MI,97,35883.470641577485,914
MI,99,3277189.994381518,76828
MI,101,82100.96225328969,2446
MI,103,126212.7305375164,5098
MI,105,109670.90519052019,3310
MI,107,162404.92966553516,4414
MI,109,82156.08950210361,2261
MI,111,245155.38272379225,6679
MI,113,63120.36502345048,1874
MI,115,669586.3313280282,13545
MI,117,298566.9385045093,7936
MI,119,39548.9980869758,991
MI,121,884508.7340423245,24336
MI,123,238020.73932005078,6733
MI,125,3407108.578899835,80778
MI,127,143592.9836686172,4456
MI,129,81297.62146400691,2606
MI,131,18073.676423902896,541
MI,133,118307.69178860426,3117
MI,135,35709.76058406749,942
MI,137,114038.2257657553,3021
MI,139,631120.660589035,21808
MI,141,32980.70526006931,1196
MI,143,118827.82409094974,2671
MI,145,1537279.8940369468,24849
MI,147,602087.1800327103,17690
MI,149,329237.61318040144,9210
MI,151,169183.713800951,5033
MI,153,29547.92196275946,853
MI,155,339809.27379780327,7722
MI,157,262972.26566516544,6486
MI,159,428488.3821171606,11205
MI,161,1217264.653126213,21805
MI,163,12664439.238044975,273488
MI,165,142699.48260961755,4715
MI,999,8686.123840048842,1321
MS,0,177640.61821394975,3200
MS,1,178763.30719172335,4242
MS,3,164118.32789017493,4405
MS,5,60899.822534203275,1434
MS,7,128572.70910387492,2884
MS,9,38300.27030945956,1138
MS,11,338038.01573836664,6326
MS,13,65568.65418788456,1967
MS,15,36378.439713516906,949
MS,17,96223.25361645859,2547
MS,19,43444.84257113257,982
MS,21,93010.16088023322,1751
MS,23,56747.25034746793,1882
MS,25,175481.56530056233,3076
MS,27,201410.17142198797,5857
MS,29,192443.77773486896,4290
MS,31,93861.24253946336,2692
MS,33,367853.5342506474,12359
MS,35,385500.6701744031,10262
MS,37,35065.923998497834,990
MS,39,92881.96439572901,2725
MS,41,50038.65962420794,1358
MS,43,117305.06670861105,3231
MS,45,162656.8070852432,4057
MS,47,725472.0404639099,20947
MS,49,1941635.6338805687,34570
MS,51,220868.64363975983,4009
MS,53,135131.87229712112,2100
MS,55,2732.824702380953,155
MS,57,66466.65084589463,2108
MS,59,464407.4899829018,13558
MS,61,90574.8581974864,2419
MS,63,43908.791146526775,1363
MS,65,85945.54664554672,1736
MS,67,456196.8579558282,9626
MS,69,40849.99121579743,1082
MS,71,120509.32311125804,3437
MS,73,161150.12694591485,5030
MS,75,336388.1759397327,9844
MS,77,61573.918868593275,1543
MS,79,174705.80116780286,3208
MS,81,402627.0845166028,10348
MS,83,290373.39822825376,6229
MS,85,254388.5546955384,4372
MS,87,274748.24002257874,6852
MS,89,443330.98596480436,7329
MS,91,127913.83001841804,3734
MS,93,162608.87440157135,4810
MS,95,185550.87900999284,4054
MS,97,48408.30704208501,1479
MS,99,188202.6649712582,4805
MS,101,109929.83849191458,2908
MS,103,99744.96422410742,2011
MS,105,189098.36903851604,4254
MS,107,221819.56239671196,5796
MS,109,269025.1681020785,6424
MS,111,49892.789686572745,1485
MS,113,147349.08340224187,6615
MS,115,123695.74042059208,3547
MS,117,112721.05877336474,3016
MS,119,42195.18216931231,1431
MS,121,509775.2956506863,11242
MS,123,153518.95258254054,4453
MS,125,52177.34393302776,960
MS,127,284782.9146453535,3605
MS,129,77182.4363456602,1815
MS,131,64125.70438522544,1718
MS,133,258699.3184462438,4817
MS,135,91429.52684936461,2059
MS,137,115061.63441113426,3431
MS,139,83152.731853561,2686
MS,141,69417.2226768461,1900
MS,143,74972.30386872112,2211
MS,145,94841.02230707444,3211
MS,147,65295.205379869876,1914
MS,149,358170.99698925274,6894
MS,151,418828.9087630661,10170
MS,153,137562.94962273026,2746
MS,155,36925.77352117816,1080
MS,157,76827.66444633248,1345
MS,159,97687.77904222805,2588
MS,161,59318.4841716411,1711
MS,163,265572.9222983321,4904
MN,1,70156.48877465131,1435
MN,3,1616786.823250598,24403
MN,5,304495.65979187604,3891
MN,7,574838.5351429016,6824
MN,9,150552.1384057482,3232
MN,11,12557.025956781185,414
MN,13,259009.1320548529,4222
MN,15,83381.27274468685,1631
MN,17,137334.20298404765,2709
MN,19,199698.25900447925,3582
MN,21,291526.74053145107,3670
MN,23,64255.29766472044,1105
MN,25,172632.29624972938,3194
MN,27,277750.7521711624,5049
MN,29,74559.56857367457,1013
MN,31,12292.62629037629,318
MN,33,43240.41900594608,1166
MN,35,333222.79592023755,5844
MN,37,1572322.3782240727,24415
MN,39,68651.06779309871,1567
MN,41,102891.10998975267,2608
MN,43,44525.871467722034,1392
MN,45,61096.096110544364,1423
MN,47,122477.19736682285,2849
MN,49,115111.921977755,2568
MN,51,35886.87969113037,562
MN,53,7211435.406626185,94682
MN,55,38333.63261705615,1126
MN,57,96340.29843285274,2087
MN,59,197461.29304731273,3324
MN,61,261222.08122038265,4355
MN,63,29173.788011035802,765
MN,65,80434.69772348591,1672
MN,67,226989.26229977285,4609
MN,69,32068.44577020201,368
MN,71,41519.85391119018,1022
MN,73,24630.1252104377,482
MN,75,26653.26613952353,702
MN,77,21200.29816017316,336
MN,79,91255.37979822957,1844
MN,81,28781.535455747962,400
MN,83,107620.06794057897,2235
MN,85,127715.54042809796,2646
MN,87,125793.3103940529,1072
MN,89,36787.433036046066,624
MN,91,71012.67770697731,1776
MN,93,77359.4915393325,1878
MN,95,204889.40344165894,2818
MN,97,115311.39793102867,2889
MN,99,162919.70958387607,4411
MN,101,15527.931505270093,571
MN,103,125245.47103797153,2089
MN,105,123874.10217427557,2799
MN,107,31498.783841837827,743
MN,109,545850.7470732597,10250
MN,111,214631.8261981249,4674
MN,113,50853.30779495844,1096
MN,115,139833.3262522537,2721
MN,117,32874.262894332234,934
MN,119,186232.19547051925,3109
MN,121,31818.73187136937,813
MN,123,3987795.46064413,58036
MN,125,16775.384445646952,354
MN,127,68099.48186730423,1292
MN,129,52178.71466626405,1523
MN,131,210677.40993703465,4749
MN,133,27170.703212065702,681
MN,135,38989.154942279936,996
MN,137,849557.2781789127,15232
MN,139,435842.2077895338,7245
MN,141,397020.9768308719,5918
MN,143,53760.299436008616,1232
MN,145,550084.0192753018,11068
MN,147,125733.16393249414,3239
MN,149,23778.100538678635,541
MN,151,36809.97556630061,858
MN,153,112896.53413987432,2204
MN,155,12345.821853146854,325
MN,157,47612.00776583002,1242
MN,159,100794.72615787627,1513
MN,161,50317.43649820156,1587
MN,163,994910.4332267321,10562
MN,165,59518.14275317817,1173
MN,167,40189.770419865374,586
MN,169,154577.28862497155,2733
MN,171,386456.202715453,7399
MN,173,45866.89925121174,808
MN,999,4790.085390559733,277
NC,1,743298.1169206145,17581
NC,3,143389.0388827855,3806
NC,5,68343.27554791798,1234
NC,7,172731.04297933436,3527
NC,9,101914.6974208542,2661
NC,11,39056.38550594752,1645
NC,13,221733.73239308395,5928
NC,15,109074.31118579267,2698
NC,17,159153.00617065624,4652
NC,19,445415.1309139547,10882
NC,21,959289.6711261434,23931
NC,23,424370.3267763115,10242
NC,25,884349.2760246955,19916
NC,27,375902.7127712933,9550
NC,29,23231.43577357372,705
NC,31,155112.22198953942,5151
NC,33,108803.96128355114,2599
NC,35,655997.4740511879,17810
NC,37,206449.8427981114,5329
NC,39,92076.7268360549,3043
NC,41,79864.43865357706,1779
NC,43,38975.72376669468,1171
NC,45,655456.6777221811,13418
NC,47,280067.096271715,8596
NC,49,402261.89679682266,9949
NC,51,1470949.3389040597,39319
NC,53,53410.56439333438,1816
NC,55,72676.78484061924,2973
NC,57,755090.9387347463,18371
NC,59,149230.8972189333,3796
NC,61,200869.9584971292,8462
NC,63,1181049.5867754398,31658
NC,65,323907.3279188018,9777
NC,67,1750449.5434106016,41827
NC,69,360252.99507832393,6946
NC,71,1128734.3301174226,25325
NC,73,39399.913315225065,1070
NC,75,57117.437890966525,1134
NC,77,254811.1857975977,5520
NC,79,109164.29974875256,2921
NC,81,2519440.9367764182,54151
NC,83,346345.9871822789,7758
NC,85,551697.3503073143,14072
NC,87,317458.0577359698,5978
NC,89,477510.13984538935,10544
NC,91,120746.542425732,3149
NC,93,209881.67253063657,6616
NC,95,15118.010526570206,561
NC,97,606800.2185524611,15192
NC,99,209475.07802789359,3860
NC,101,773833.4071847494,20841
NC,103,43991.65267934754,1158
NC,105,316476.9884859164,8145
NC,107,298690.89345860906,8539
NC,109,371505.6901045007,7366
NC,111,213099.38948246636,5622
NC,113,165198.23152896177,3785
NC,115,108775.07244960727,2235
NC,117,129008.20386655295,3217
NC,119,3798144.2763794637,107838
NC,121,64867.66335548995,1577
NC,123,135881.34662146238,3981
NC,125,258788.10517567158,7897
NC,127,364702.4625373633,11783
NC,129,712027.7071612028,17742
NC,131,116346.82268317047,2835
NC,133,478293.75939568994,14341
NC,135,391051.1612563779,8106
NC,137,50307.68608690285,1200
NC,139,191045.4837881848,4624
NC,141,175438.00822273173,5762
NC,143,45298.195168692815,1401
NC,145,194173.27897334527,4136
NC,147,974562.7316933216,18713
NC,149,51350.16733914233,1694
NC,151,765957.4798500147,17619
NC,153,286997.16022717085,7646
NC,155,1108488.6699349072,25755
NC,157,366645.7239054953,10596
NC,159,812054.0934756155,17361
NC,161,380760.5245042658,8360
NC,163,297854.21491976397,10560
NC,165,230606.5481118753,6262
NC,167,271513.5163080978,6328
NC,169,161719.17437767395,4232
NC,171,326798.86061639147,9112
NC,173,104349.81190363069,2143
NC,175,150504.7701400291,3070
NC,177,16063.758673597644,449
NC,179,765626.3682052285,17687
NC,181,442415.0282190453,8016
NC,183,2772112.8098823344,70663
NC,185,115934.37558577012,2619
NC,187,70363.84216837086,1914
NC,189,105694.62502587354,2431
NC,191,553456.680877956,16701
NC,193,364133.191198629,7997
NC,195,400158.48984518775,11368
NC,197,170097.13926802741,4219
NC,199,108931.24227982108,1943
AL,1,58027.667323171896,3332
AL,3,582275.7037664097,12569
AL,5,52208.92871419876,2707
AL,7,35734.332689806324,1727
AL,9,87602.3168333129,4235
AL,11,29256.962960119945,1336
AL,13,65928.35063095442,2195
AL,15,293150.3965106023,10209
AL,17,51146.58565744039,3247
AL,19,59550.742815274236,2079
AL,21,88677.15298749377,4220
AL,23,20453.915716473082,1203
AL,25,40074.35796944283,2193
AL,27,31657.464881132764,1159
AL,29,37616.83400687338,1273
AL,31,120257.1215377676,3400
AL,33,120240.47418900314,4256
AL,35,32571.30379661561,1340
AL,37,23115.777653646513,684
AL,39,55861.09908590949,3443
AL,41,28240.5983901878,1217
AL,43,157231.04821097053,6081
AL,45,77781.53286171031,3851
AL,47,111451.93936522766,5698
AL,49,176314.63202330648,7385
AL,51,169202.03011156607,4685
AL,53,73455.18879723975,3707
AL,55,233986.5218818373,8619
AL,57,32491.413623949644,1414
AL,59,74937.8092770805,3481
AL,61,58084.88301308295,2462
AL,63,32447.92437053687,1106
AL,65,55330.95484184111,1755
AL,67,33363.8718944427,1295
AL,69,181884.2845432648,9528
AL,71,109894.7716519235,3964
AL,73,1206172.980070168,50769
AL,75,35739.64008056806,1278
AL,77,150556.20380694768,6091
AL,79,55096.966953612035,2464
AL,81,159358.2473710968,8861
AL,83,134196.08524990015,5248
AL,85,35269.1970901905,1284
AL,87,33584.494608618515,1933
AL,89,366070.42772573436,19516
AL,91,45940.74565316361,1948
AL,93,58903.223070124324,2486
AL,95,190492.05318528356,9691
AL,97,693548.0441073015,35621
AL,99,42034.09542410883,2172
AL,100,8046.1666620657925,82
AL,101,606407.9455652739,20251
AL,103,220765.95965278684,9517
AL,105,30139.486890693155,1320
AL,107,25237.197855004477,1682
AL,109,76288.41961499819,2652
AL,111,44981.69958272285,2027
AL,113,80604.97318160185,5859
AL,115,178307.80664707843,5896
AL,117,165410.555972576,8416
AL,119,23933.41493344567,1272
AL,121,238690.7618812756,7485
AL,123,81713.25907172433,3709
AL,125,300777.02572307066,13408
AL,127,149804.762485094,5644
AL,129,22859.755706099448,1144
AL,131,35833.74485905604,1518
AL,133,37451.97558196978,1913
AR,1,162497.99089293045,2988
AR,3,178535.04206011692,3717
AR,5,213198.69642858914,4762
AR,7,801867.3677254905,27585
AR,9,183258.80444644735,5085
AR,11,102406.99195945071,2185
AR,13,27387.64693719594,620
AR,15,152765.64178172182,4065
AR,17,182058.9342948965,2338
AR,19,140981.50804951295,2918
AR,21,99407.15931911288,2309
AR,23,107344.55240303537,3132
AR,25,56233.77329957733,1171
AR,27,155173.27619501692,3542
AR,29,171704.5455939073,3191
AR,31,669006.2557905987,15265
AR,33,380852.7488626707,9348
AR,35,757198.951951639,10825
AR,37,151531.7083081691,2973
AR,39,184934.82519007538,1296
AR,41,152451.36737759574,2586
AR,43,191568.44115821642,2926
AR,45,491566.0696126341,13402
AR,47,97572.64342264783,2541
AR,49,46045.912493741824,1656
AR,51,711236.099397467,14929
AR,53,66565.36608768968,2161
AR,55,316333.7515180259,7015
AR,57,167778.77218811392,4345
AR,59,291093.5240979005,4868
AR,61,80389.82850899815,2554
AR,63,258582.77710572036,5681
AR,65,73370.4636551656,1798
AR,67,127136.05880042887,2751
AR,69,402031.4240137959,13109
AR,71,154812.91234003758,4532
AR,73,46017.23207657792,1186
AR,75,133752.73321075446,2664
AR,77,135681.7682406152,1657
AR,79,61068.25474637161,1703
AR,81,54501.255267416345,1897
AR,83,123749.38277040786,3679
AR,85,296760.26506962697,8656
AR,87,71921.59735634532,2425
AR,89,87916.34326112835,2102
AR,91,214392.10333072647,7521
AR,93,297316.8084499387,9283
AR,95,45961.70197076804,1343
AR,97,45294.11191521328,1341
AR,99,56706.99579519955,1526
AR,101,48043.8832240753,1147
AR,103,264923.5484544411,4292
AR,105,69447.0084882126,1426
AR,107,445345.47274868534,5164
AR,109,57597.97440681064,1859
AR,111,233368.19705464394,4505
AR,113,117245.3221367614,3399
AR,115,286913.1874645845,8660
AR,117,38565.62936877937,1147
AR,119,2856366.0960467667,58133
AR,121,177947.54859373657,2870
AR,123,309956.7742820886,5326
AR,125,432457.1911602001,11815
AR,127,67596.00895743459,1906
AR,129,60474.49962890584,1280
AR,131,755047.0029054813,19788
AR,133,234312.7209535757,3726
AR,135,115375.75431119475,2789
AR,137,84446.33143707963,1892
AR,139,304564.71996110666,6787
AR,141,70900.84293231863,2333
AR,143,1028543.7861433098,30112
AR,145,362354.3898140504,11199
AR,147,28790.329147389137,1221
AR,149,124911.62031383115,3962
AK,0,42785.01264141084,261
AK,13,20896.56369439739,172
AK,16,5084.396825396826,154
AK,20,2784534.4467622032,27524
AK,50,462350.0868853057,4821
AK,60,1600.041666666667,68
AK,68,866.4071428571428,81
AK,70,142119.7241622484,1117
AK,90,467525.5517032364,6341
AK,100,16475.608333333334,195
AK,110,227478.09081048297,2417
AK,122,454266.9260740157,5607
AK,130,148450.82311433135,1350
AK,150,166307.34234069847,1368
AK,164,26587.389475108233,303
AK,170,627927.8785375025,9790
AK,180,225331.1821171647,2417
AK,185,87182.11386744387,1062
AK,188,143154.33155525915,1883
AK,201,88073.85786947141,798
AK,220,99274.00181249648,848
AK,232,24804.892988785094,299
AK,240,40090.508261183255,959
AK,261,62603.555582535635,762
AK,270,381991.4323828652,3081
AK,280,42342.20655875987,642
AK,282,2296.678571428572,62
AK,290,133822.4536927153,1198
AZ,1,1035640.940885224,16394
AZ,3,396200.44578317157,14033
AZ,5,1061518.9952464812,16353
AZ,7,458830.2886537631,7756
AZ,9,198028.26137527762,4921
AZ,11,20934.13213175713,761
AZ,12,232960.6673398088,2527
AZ,13,20490509.71288796,481452
AZ,15,809656.8297908023,26624
AZ,17,1685856.846639955,21309
AZ,19,4467743.944461767,110245
AZ,21,1487493.7890143038,31317
AZ,23,283813.7888750039,8154
AZ,25,756569.5255921134,19845
AZ,27,917576.6401923954,29941
CA,1,3981695.6429200005,117482
CA,3,1198.9623015873015,84
CA,5,66541.53426501804,1922
CA,7,711553.3282984544,21814
CA,9,83087.0081842402,2891
CA,11,62378.17165861532,2622
CA,13,3357002.1101056105,71947
CA,15,115923.47365327185,3435
CA,17,228564.42363497012,8420
CA,19,5370352.9228017265,175412
CA,21,161479.38288857215,3856
CA,23,483742.6428904393,11758
CA,25,634053.3331888543,27629
CA,27,49847.40892020421,1633
CA,29,3121196.387759653,140338
CA,31,650539.7045731107,21387
CA,33,347005.5715985768,7388
CA,35,43071.32750050772,2209
CA,37,33491917.33023822,1236972
CA,39,514841.27552653704,26441
CA,41,660551.3781241588,10417
CA,43,39744.95336999744,1179
CA,45,941320.0538536501,11984
CA,47,1964588.3746809969,48325
CA,49,22380.63984264646,820
CA,51,16950.516553363905,798
CA,53,2516559.019232236,56803
CA,55,406255.7453184477,9004
CA,57,138640.8782209682,4933
CA,59,8003040.868880444,258547
CA,61,300301.3546057883,13776
CA,63,46434.58270958695,1370
CA,65,5681212.556759598,255379
CA,67,4561856.244192071,165122
CA,69,95988.56015316467,5665
CA,71,6927095.221118801,287768
CA,73,7997202.6685387585,251250
CA,75,2220607.7808598247,40758
CA,77,2199291.675827859,96868
CA,79,748649.1050101231,18780
CA,81,1583640.7889533618,37373
CA,83,2035032.5478764882,47512
CA,85,3820235.874612003,119012
CA,87,1209533.2040803877,23099
CA,89,553312.674047431,17113
CA,91,4567.374747474748,194
CA,93,159711.73506440106,4408
CA,95,1652285.2525557615,36419
CA,97,1570692.2768403955,35163
CA,99,1974097.668054676,73670
CA,101,226875.06313426388,11200
CA,103,214137.1044679748,8395
CA,105,41659.520577128686,1079
CA,107,2963508.8145363107,96817
CA,109,158923.17820471822,3436
CA,111,2167741.46389776,75230
CA,113,582801.6694685495,16480
CA,115,194697.74075120737,9387
CT,0,48022.1721141509,672
CT,1,3249833.231488368,66062
CT,3,3894546.423281208,78282
CT,5,589139.9896868448,10881
CT,7,420570.64493431343,7979
CT,9,3402613.9361464907,78747
CT,11,842380.0780095956,20333
CT,13,342456.5552311077,6403
CT,15,478170.0876418068,10931
DE,0,48892.85581478707,1796
DE,1,997760.3912403408,18910
DE,3,3151309.106963266,55167
DE,5,900292.8358304286,23340
HI,1,800475.0547023009,28661
HI,3,2679457.8716402045,87315
HI,7,225472.49709135306,8270
HI,9,384217.6665661678,17864
IA,1,23940.10544214557,612
IA,3,13991.234478515978,373
IA,5,38869.61184544732,1567
IA,7,61877.1195333263,1426
IA,9,17533.1563991564,451
IA,11,66888.19391294695,1793
IA,13,441713.45472785353,13302
IA,15,53549.151107694015,2014
IA,17,29187.57057837552,1248
IA,19,55664.147291214984,1632
IA,21,73796.00764100191,2974
IA,23,36142.51942710522,1201
IA,25,25201.440947709703,824
IA,27,38143.81604754235,1533
IA,29,35725.683265913605,1415
IA,31,29687.705050205786,1174
IA,33,145921.04132689597,4116
IA,35,35196.21735407425,980
IA,37,24600.310860083624,908
IA,39,58593.03108989347,1235
IA,41,52677.857301245065,1554
IA,43,31555.99563196465,1280
IA,45,180460.5705747418,5438
IA,47,78373.89544896787,2289
IA,49,140315.50814771163,3841
IA,51,19831.43950971057,710
IA,53,33926.93524622306,946
IA,55,24174.56087284104,1166
IA,57,212123.08792118827,5313
IA,59,30984.52570824298,1097
IA,61,256935.8914399473,7856
IA,63,37263.128969077596,1084
IA,65,71673.61052823754,1983
IA,67,77692.74873075126,1724
IA,69,53826.196980225664,1178
IA,71,23425.03764005001,724
IA,73,30569.40305338984,937
IA,75,13851.41724256136,669
IA,77,28330.134063403922,875
IA,79,63009.993005852775,1500
IA,81,20419.85384506751,877
IA,83,54699.23054642786,1715
IA,85,59591.37445880173,1301
IA,87,64306.99826393514,2266
IA,89,24035.616885336884,877
IA,91,24353.89540945166,875
IA,93,17584.46523879347,627
IA,95,24861.335575261117,1167
IA,97,83817.9244555444,1774
IA,99,109022.1580983452,3318
IA,101,56031.322383222956,1398
IA,103,288712.7704329145,8110
IA,105,51543.827423002665,1445
IA,107,30756.963496050517,957
IA,109,38410.58488240918,1049
IA,111,169991.60762774243,4247
IA,113,621041.0437542822,18248
IA,115,51668.657910389666,1280
IA,117,54753.457038524655,1056
IA,119,13917.586206131331,814
IA,121,51766.39616214554,1076
IA,123,66861.80208239955,2242
IA,125,65915.96105917268,2269
IA,127,117604.00429395745,5751
IA,129,43183.79116570826,1273
IA,131,14488.21703703704,683
IA,133,38678.32827317293,898
IA,135,29188.44236711992,690
IA,137,41281.16595738138,1360
IA,139,163397.81972519815,5650
IA,141,31932.735893735884,1165
IA,143,11892.751376170125,480
IA,145,47248.57814189546,1637
IA,147,29786.198823493614,694
IA,149,51845.37110194586,1688
IA,151,13200.616534969664,707
IA,153,1755551.6351221085,46481
IA,155,466794.86068779405,11694
IA,157,31099.617964905454,1366
IA,159,14329.632749657749,448
IA,161,21700.46426786244,798
IA,163,564913.6660335056,19203
IA,165,23097.218695860236,941
IA,167,97188.40352211396,2639
IA,169,126175.1451419495,4699
IA,171,48231.17697314664,1809
IA,173,17983.855195298118,617
IA,175,32477.24941826963,1351
IA,177,27237.32800185925,677
IA,179,201721.3970647141,4922
IA,181,101368.54251621476,3018
IA,183,68933.30975328488,2039
IA,185,27410.93615514769,605
IA,187,144626.51551991006,4256
IA,189,24942.319769119767,892
IA,191,32460.004470895907,1028
IA,193,503433.10320048255,15774
IA,195,16918.236720387456,601
IA,197,52516.755379897884,1496
IL,0,96938.44659912029,12161
IL,1,186958.8212222274,7225
IL,3,41979.4461291177,1515
IL,5,41013.6773296606,1751
IL,7,128528.97482311964,6276
IL,9,8779.877653310741,413
IL,11,65054.26585255197,3513
IL,13,6017.74799213944,372
IL,15,36652.702221277286,1513
IL,17,36945.238859928206,1717
IL,19,496873.00483892846,18945
IL,21,116661.47383228653,4151
IL,23,41019.82947217832,2012
IL,25,42814.255913469264,1698
IL,27,36065.985129229884,2053
IL,29,125480.12186490135,5074
IL,31,17663975.463094074,728495
IL,33,49176.46298329734,1894
IL,35,25538.053617359245,994
IL,37,258417.56631042468,9725
IL,39,47377.375265757386,1706
IL,41,39229.26752478925,2045
IL,43,1865454.5836068569,68264
IL,45,46443.41301489608,2186
IL,47,14254.368893825476,567
IL,49,73218.3767583833,3556
IL,51,74505.08325303235,2553
IL,53,39104.537402630085,1524
IL,55,165130.41402053626,5653
IL,57,77968.78036512353,3845
IL,59,26230.361561585793,766
IL,61,52059.63233357917,1666
IL,63,64322.860173534405,4519
IL,65,42998.963586078935,941
IL,67,41354.00539008849,1975
IL,69,14747.726906652339,529
IL,71,23018.27119157271,660
IL,73,105689.36406158736,4747
IL,75,94699.24895419463,3395
IL,77,213278.07325888012,6590
IL,79,39537.43480571717,846
IL,81,131015.82039152696,4970
IL,83,58885.29723577918,1726
IL,85,27367.64423631924,1604
IL,87,40533.834706237045,1245
IL,89,1310486.0563824987,64590
IL,91,333015.5453246882,14070
IL,93,158589.39479606372,8891
IL,95,122360.10543593671,5943
IL,97,1223277.74397433,65267
IL,99,315505.2422498295,12160
IL,101,42828.9048897446,1664
IL,103,82589.11325199908,3206
IL,105,72163.9283189212,3445
IL,107,79182.8597736239,2874
IL,109,38934.80368146933,2505
IL,111,444150.6418100155,22791
IL,113,330332.95633808983,13079
IL,115,386937.75991101854,14166
IL,117,159865.83952405647,5117
IL,119,695171.3772965,27669
IL,121,206540.14054753282,6627
IL,123,34956.61070276401,1431
IL,125,52953.06808122502,1896
IL,127,59720.42022422142,2052
IL,129,29934.32253450267,1084
IL,131,25387.47091841448,1399
IL,133,18929.18621850372,1338
IL,135,113271.12871422851,3299
IL,137,127013.24263814675,3624
IL,139,23148.57917462825,1260
IL,141,119186.008025949,5140
IL,143,554426.1765724269,24333
IL,145,78341.83697750907,2249
IL,147,16401.427383237675,1090
IL,149,59861.96818963027,1901
IL,151,8057.352636660725,361
IL,153,32984.17243793788,955
IL,155,7112.8838650212865,485
IL,157,63244.98895866085,3181
IL,159,37040.61303569619,1860
IL,161,344702.82274504827,19069
IL,163,824941.3658041615,32902
IL,165,102393.72759341424,3616
IL,167,687367.4225126472,24991
IL,169,11841.721777269573,605
IL,171,15213.096275622527,444
IL,173,50155.39424479505,2013
IL,175,14664.033841894265,607
IL,177,146973.5400424277,5711
IL,179,282204.8572632885,12585
IL,181,72228.59565970888,2141
IL,183,315446.38928276306,12511
IL,185,38845.00149125132,1242
IL,187,34954.20541833896,2045
IL,189,34591.900957120466,1089
IL,191,62367.13856376539,1765
IL,193,57453.880644767625,1883
IL,195,143031.7482839258,6605
IL,197,1250569.2337286805,62223
IL,199,215214.10791183411,7866
IL,201,1195767.4605064662,41643
IL,203,50012.84098185248,2116
IL,999,2071.9065789473684,137
IN,1,67590.83961909353,2640
IN,3,1507834.940883881,41630
IN,5,202987.63229906358,6864
IN,7,27435.708659629618,963
IN,9,44294.640690592816,1548
IN,11,110855.08105795996,3192
IN,13,36025.75978055027,1293
IN,15,43666.76135257272,1554
IN,17,172025.04587671472,4870
IN,19,317858.6235799782,10391
IN,21,108206.23079290784,3025
IN,23,112567.37654313212,4230
IN,25,26008.19279243073,1207
IN,27,92903.8829243448,3139
IN,29,88827.05327272063,3945
IN,31,79025.87129408604,2644
IN,33,132990.93072181655,4142
IN,35,528647.7816843308,12251
IN,37,56194.85499593749,2612
IN,39,723287.0920551632,25817
IN,41,126116.86390367869,3365
IN,43,254001.6611862025,6501
IN,45,64664.262568782986,1720
IN,47,60677.881870586105,2031
IN,49,109195.20270741504,2309
IN,51,79111.13079522048,2882
IN,53,311081.5404469184,8508
IN,55,128056.69070434806,3263
IN,57,442408.5786397068,11083
IN,59,158937.31052710494,4517
IN,61,90373.75178579432,3255
IN,63,229430.32193330512,7594
IN,65,174757.0781119267,5197
IN,67,370804.88957540353,9469
IN,69,147671.48398918207,3389
IN,71,119684.71822642926,4559
IN,73,68389.13709434519,2933
IN,75,63374.03315135836,2418
IN,77,99769.90454021476,3235
IN,79,128274.47227468489,3515
IN,81,356660.8236294337,11120
IN,83,131235.32231256794,3920
IN,85,256012.9510409292,7452
IN,87,50859.82814089973,2275
IN,89,1786727.1283672557,62527
IN,91,317772.9677961672,13076
IN,93,162151.80988155716,4731
IN,95,508264.1003995579,15372
IN,97,6127418.695293005,141103
IN,99,148724.88659380184,4709
IN,101,36059.18066144145,947
IN,103,138672.63055439663,4018
IN,105,296018.1964646866,8022
IN,107,111640.98233285754,3745
IN,109,277010.0026358076,6868
IN,111,34071.797419644055,1449
IN,113,139552.70166118353,4689
IN,115,10468.842898074148,425
IN,117,67942.10230622931,2384
IN,119,66243.73774671019,2384
IN,121,49764.950210200084,1555
IN,123,39318.991586756216,1541
IN,125,60926.17303944057,1101
IN,127,344648.25292330346,11621
IN,129,57530.503656559464,1814
IN,131,28043.65876438377,1288
IN,133,93897.12629779083,3052
IN,135,86373.47696585445,3111
IN,137,64772.625699789554,2522
IN,139,52554.65240773999,1705
IN,141,956382.6373374488,30926
IN,143,96123.90342494738,3008
IN,145,215937.4907009928,4368
IN,147,47673.76083007894,1516
IN,149,88926.41209716568,3016
IN,151,94038.72524374884,3224
IN,153,69328.11164336237,2143
IN,155,29535.870313313077,1076
IN,157,484731.9805699973,14743
IN,159,42090.89805768021,1240
IN,161,22718.76297950996,819
IN,163,667115.2547066024,18377
IN,165,49806.730582520206,1681
IN,167,415327.8167789266,11978
IN,169,141446.4981127549,3313
IN,171,16971.748863395063,686
IN,173,129738.33265751615,3785
IN,175,78630.82405052011,3031
IN,177,306040.4652132442,8177
IN,179,60291.32356374501,2033
IN,181,96216.70706806432,2464
IN,183,78155.68990581088,2324
KY,1,107559.50681563957,2355
KY,3,111601.04726003666,2510
KY,5,128468.627912134,2033
KY,7,28367.607998139025,893
KY,9,217768.2063347045,5349
KY,11,79930.7963103291,1996
KY,13,246523.3163765247,5137
KY,15,328978.6463137132,9170
KY,17,107251.0878582061,2440
KY,19,275550.2322812,5924
KY,21,172947.02166884224,3092
KY,23,59192.460277732425,1137
KY,25,121716.50345458901,2547
KY,27,126482.99254981436,2457
KY,29,387247.4953043287,6883
KY,31,93004.19333796148,1777
KY,33,50387.88452340711,1535
KY,35,130835.7217532435,3231
KY,37,224077.87391609364,7555
KY,39,38646.417553273386,650
KY,41,101828.58046264762,1750
KY,43,189936.6190722074,4050
KY,45,109323.97264512484,2360
KY,47,244340.9787769997,8323
KY,49,183369.57814680948,4199
KY,51,198257.11647648804,3832
KY,53,105280.93120472056,1636
KY,55,39401.80353035474,867
KY,57,45296.51551076587,1015
KY,59,593527.7827573911,11453
KY,61,70431.85022301559,1371
KY,63,49824.60437862383,1089
KY,65,133319.38679942954,2270
KY,67,1618658.1527733663,26699
KY,69,85419.29018269535,1830
KY,71,291474.5767958599,6767
KY,73,303178.5890857163,5087
KY,75,43459.432328858624,1125
KY,77,40378.04423087435,1347
KY,79,100119.27282013207,1998
KY,81,157046.44731695214,3761
KY,83,202825.1267820013,4816
KY,85,210690.51457569448,3601
KY,87,59717.96354754781,1347
KY,89,188169.10248454788,4069
KY,91,47646.199714577735,880
KY,93,580913.1873952935,10702
KY,95,287235.46496902924,5071
KY,97,95230.88277172633,2043
KY,99,107975.98850354909,2511
KY,101,255845.03483944308,5529
KY,103,72732.59400176567,1787
KY,105,24020.81095383302,466
KY,107,261429.58659697647,5525
KY,109,130588.13651746915,2086
KY,111,5283265.795473103,83861
KY,113,258360.8420334597,5486
KY,115,224155.7643934693,3616
KY,117,703977.9979666723,16407
KY,119,98879.21110332967,2490
KY,121,301778.0786924167,6286
KY,123,90840.23731866873,1762
KY,125,493411.1626228883,8831
KY,127,122777.12152249631,2449
KY,129,47589.90843693698,1215
KY,131,62801.81482997999,1699
KY,133,168879.99746517345,3629
KY,135,117782.79463722525,2258
KY,137,207247.36849797575,3416
KY,139,46892.02688134532,1013
KY,141,146911.87889851313,3070
KY,143,15947.96455635868,581
KY,145,112874.71199066676,2747
KY,147,105775.76617053141,2150
KY,149,130825.12265704172,2423
KY,151,277516.2881170967,7118
KY,153,177789.89093846406,3254
KY,155,55476.21984942008,1098
KY,157,476844.1777089267,8395
KY,159,120898.4985841789,2358
KY,161,158417.90724801153,2322
KY,163,166209.926771921,2744
KY,165,45090.978954491366,1032
KY,167,132872.53282813725,2300
KY,169,58565.230002667406,1492
KY,171,57912.339471149295,1543
KY,173,161680.88434437598,3660
KY,175,64277.58991632129,1735
KY,177,165422.86004106124,3701
KY,179,266330.0187797293,4884
KY,181,50025.675209389316,998
KY,183,122945.5118879815,3204
KY,185,138357.61598615992,2709
KY,187,55859.62544618467,1257
KY,189,39962.923605605916,872
KY,191,61124.534563489295,1694
KY,193,269583.61152246327,4780
KY,195,358435.15253558115,8588
KY,197,114230.1368740261,2293
KY,199,420079.74860261346,8606
KY,201,14395.386277084646,288
KY,203,124683.20943055875,2428
KY,205,147800.14064221847,2727
KY,207,137136.65879630842,2699
KY,209,208584.57021542586,4708
KY,211,196698.4185533628,4207
KY,213,84517.52706280183,2131
KY,215,71155.37963409287,1313
KY,217,150370.18697138337,3132
KY,219,49900.30533893723,1619
KY,221,55516.5825343487,1373
KY,223,37275.685124101656,1037
KY,225,75449.50726332115,1669
KY,227,640723.8693194764,13044
KY,229,54894.496969941785,1272
KY,231,150030.37447000033,3165
KY,233,58828.03369626957,1550
KY,235,328902.92053810804,6584
KY,237,71611.29273273356,1397
KY,239,135642.7757617109,2100
KY,999,0.0,24
LA,1,401221.6512843394,10966
LA,3,104743.98906105352,3941
LA,5,461980.0129516211,14013
LA,7,140658.9272516515,2981
LA,9,339143.9388824077,7658
LA,11,161444.66330479665,5790
LA,13,107136.59828082591,2599
LA,15,426511.48414022283,14628
LA,17,1689348.1564216372,44269
LA,19,717177.6624194193,31059
LA,21,80917.22998721842,1807
LA,23,6998.289562289564,330
LA,25,65895.72354132935,1773
LA,27,100858.84525522613,2240
LA,29,131483.83096757,4217
LA,31,189331.70217659464,4537
LA,33,2216856.672537395,61955
LA,35,125447.41818003045,1964
LA,37,103393.184050104,2814
LA,39,207643.624628115,6549
LA,41,176337.31448097675,4150
LA,43,121344.90311415738,3372
LA,45,367459.5657078926,13919
LA,47,190988.65283522347,5416
LA,49,72488.80868027097,2079
LA,51,2719640.4052632214,62694
LA,53,171499.31908689305,5115
LA,55,874276.9525342414,28531
LA,57,585980.1994631052,11968
LA,59,85530.33119487879,1937
LA,61,206166.04942853056,6200
LA,63,607903.2766862994,18080
LA,65,96773.40638294168,2720
LA,67,340156.9547860921,5944
LA,69,227157.75368481642,7265
LA,71,2127041.9767412143,56945
LA,73,880695.5123734955,28233
LA,75,134551.19599369445,2970
LA,77,160279.9397705817,3504
LA,79,936688.2375052948,22938
LA,81,54338.500417501484,1828
LA,83,180741.61428414765,4216
LA,85,97237.49578560439,3712
LA,87,262147.29892974807,7837
LA,89,251073.61492735898,6485
LA,91,43809.91708300997,1316
LA,93,121608.76813534285,3235
LA,95,342749.9456623714,8172
LA,97,579786.3207966358,18566
LA,99,256806.8976473327,8277
LA,101,423562.23711107526,9998
LA,103,1011086.822402871,27219
LA,105,765060.0657816135,22889
LA,107,56136.24926560477,1056
LA,109,794129.637933443,18231
LA,111,120382.6768748667,3759
LA,113,223964.75359301086,8688
LA,115,162011.61446290032,6261
LA,117,337570.9998394825,8571
LA,119,235111.18818248672,6962
LA,121,123403.71344071873,3307
LA,123,94194.40583951649,2229
LA,125,40439.74854302029,1267
LA,127,86400.05260883625,2440
LA,999,523.0763888888888,71
MA,0,228227.48253937985,5784
MA,1,730834.4404251258,13581
MA,3,688392.3222006339,11825
MA,5,3108225.138226263,51890
MA,7,68537.71525467995,1193
MA,9,4419104.9792351145,69612
MA,11,283600.1735217585,5669
MA,13,4526044.670611328,64885
MA,15,439713.3035917271,7634
MA,17,5637878.185686126,81677
MA,19,34947.37792069042,815
MA,21,2094397.2584196627,30164
MA,23,2444875.5083998395,36218
MA,25,6300664.312689094,83118
MA,27,4564216.20652263,68467
MA,999,4212.005465090465,66
MD,0,167250.87175290385,993
MD,1,387178.23201507947,7528
MD,3,1348522.5604543495,37023
MD,5,3628529.448360825,74949
MD,9,195229.17230205843,6030
MD,11,198457.2933620347,5037
MD,13,367007.9212359551,8521
MD,15,545660.0059317955,10774
MD,17,502011.7717805179,11946
MD,19,223057.98028658726,5034
MD,21,715484.3079174217,16073
MD,23,141414.81861128606,3297
MD,25,943010.2913709315,16774
MD,27,631197.9025768476,15848
MD,29,83483.09057874528,1886
MD,31,3084115.864341163,76628
MD,33,4534748.816161301,103835
MD,35,163973.33543885095,3718
MD,37,383022.4167252734,8948
MD,39,160101.51615874685,3366
MD,41,171006.22804866312,3198
MD,43,719444.2748155562,16914
MD,45,704205.9565283844,14055
MD,47,170166.53386301734,4910
MD,510,6909354.040918497,109330
ME,1,486533.579914103,12602
ME,3,320700.3400613776,7228
ME,5,588177.1715926245,17485
ME,7,98567.8879471407,2814
ME,9,158281.34934716026,4100
ME,11,441450.1199902424,11776
ME,13,126802.10031592385,3406
ME,15,67056.05442457512,2690
ME,17,220395.26816642145,6267
ME,19,556533.7809638559,13258
ME,21,53842.33266037281,1729
ME,23,74509.04180821088,2687
ME,25,115088.0071001792,5290
ME,27,114061.15676711425,3895
ME,29,169515.48126196652,3907
ME,31,546865.6369181916,14327
ME,999,6992.644491156991,1238
MO,1,115639.29401580743,2036
MO,3,34310.26866649003,1007
MO,5,4614.2941919191935,307
MO,7,107730.52095724033,2542
MO,9,167195.74419990802,4101
MO,11,45183.219029200634,1493
MO,13,99866.34514447971,1800
MO,15,73138.78745915034,2084
MO,17,65125.30426934179,1559
MO,19,684263.7333564323,12401
MO,21,417503.1923525239,9944
MO,23,384255.89527453296,6040
MO,25,23605.99812271063,744
MO,27,287457.4396296688,3902
MO,29,166596.24127684574,4367
MO,31,266015.3154549159,6436
MO,33,35632.957287814526,805
MO,35,43608.16356723814,897
MO,37,400451.0468534289,8476
MO,39,79148.90586843246,1768
MO,41,29197.076888634238,634
MO,43,238571.8751026608,6943
MO,45,31255.5861828531,696
MO,47,789180.0323832841,16761
MO,49,53511.2502066508,1506
MO,51,237217.2807969116,6386
MO,53,67812.53775366768,1563
MO,55,106146.70681051018,2952
MO,57,29400.243299062047,773
MO,59,82641.96080133137,1807
MO,61,24849.64602342103,754
MO,63,25271.3865998037,722
MO,65,66343.56044356427,1906
MO,67,78392.30313833196,1813
MO,69,254398.7393322799,5690
MO,71,331391.069884939,8764
MO,73,52749.161203935284,1240
MO,75,29791.092731321733,565
MO,77,794199.1441635819,25634
MO,79,36991.432391566894,1033
MO,81,33677.68562004384,999
MO,83,111913.79175641887,2507
MO,85,27059.946165347814,856
MO,87,6555.412326562327,311
MO,89,49850.594061740114,975
MO,91,181314.85011528962,5320
MO,93,56039.995680612956,1275
MO,95,4191610.392457495,82189
MO,97,424068.64734702,14106
MO,99,742585.162781235,17410
MO,101,234897.92961678212,4020
MO,103,9991.829075091577,302
MO,105,254947.76273807505,5058
MO,107,241409.64652505604,3281
MO,109,180689.6754093608,4310
MO,111,21371.142877973998,756
MO,113,213760.3170055852,5420
MO,115,61901.32245226608,1299
MO,117,48213.27952976939,1140
MO,119,120690.72488024215,3395
MO,121,66916.95290291906,1611
MO,123,92048.63481326461,1708
MO,125,41580.803248272205,732
MO,127,193334.72843840238,3542
MO,129,4871.1019841269845,292
MO,131,151469.61886506682,3055
MO,133,116515.58194061235,2197
MO,135,43481.62086408379,1343
MO,137,36649.3579273435,845
MO,139,73259.84263888987,1365
MO,141,89867.54524184254,2336
MO,143,128902.7147012467,2713
MO,145,170773.93262170427,6493
MO,147,22639.686516424757,1043
MO,149,64452.06965246051,1521
MO,151,31495.439498001997,680
MO,153,35197.95182222166,949
MO,155,177210.79346486987,3446
MO,157,66886.91133495675,1667
MO,159,236437.3353367927,5593
MO,161,226664.57335793856,4535
MO,163,79819.93186566538,1872
MO,165,277215.4091147896,4956
MO,167,313583.7098385343,3919
MO,169,212664.5925693836,3706
MO,171,12808.881594304394,386
MO,173,37834.60902360168,808
MO,175,135956.57567780354,3092
MO,177,101396.21439202322,2106
MO,179,50669.71667311445,846
MO,181,90193.35569161344,2295
MO,183,626003.503030448,16380
MO,185,46137.233874091595,1057
MO,186,51894.6097051396,1331
MO,187,357855.7837850465,7682
MO,189,3351854.6702438467,75196
MO,195,111754.84238496787,2735
MO,197,11786.236860266608,379
MO,199,16436.30980043071,398
MO,201,213621.4927180307,5335
MO,203,54729.77235481215,1201
MO,205,34188.568615575605,683
MO,207,149977.80417032546,3544
MO,209,120607.47457762473,2867
MO,211,26044.50790904357,684
MO,213,182475.32375180823,5997
MO,215,101886.06973197976,2844
MO,217,149324.30068893952,2612
MO,219,163782.9356758177,3286
MO,221,170646.31346294587,3807
MO,223,76278.22083986597,1787
MO,225,112971.51016122893,3649
MO,227,4050.072504025765,158
MO,229,131151.1810394257,2780
MO,510,2069927.8449778373,50293
MO,999,1857.18125,58
MT,0,9700.65911517925,192
MT,1,22458.668135618253,585
MT,3,79074.74897676626,2634
MT,5,62469.1951969954,976
MT,7,7184.569811414641,315
MT,9,10175.762855659275,551
MT,11,0.0,54
MT,13,182130.30311927546,6180
MT,15,5387.507249694751,283
MT,17,24625.83762362795,831
MT,19,1783.9713804713806,78
MT,21,14222.732905982903,417
MT,23,38822.580284336975,692
MT,25,5144.782407407408,126
MT,27,14445.684401709399,713
MT,29,211564.50193910685,8394
MT,31,115427.05231236355,4380
MT,33,978.4555555555555,76
MT,35,95524.48298447867,2434
MT,37,550.3238095238097,66
MT,39,2490.9043767507005,137
MT,41,99631.45738227967,2249
MT,43,40501.81555193883,611
MT,45,6820.822916666668,98
MT,47,111678.92597325848,3820
MT,49,154248.4273812553,4343
MT,51,1939.7435897435894,68
MT,53,44165.772547731845,1739
MT,55,11075.952361500156,307
MT,57,0.0,55
MT,59,11745.883385547202,218
MT,61,11083.872141583906,441
MT,63,274843.35657261795,7706
MT,65,13898.185622710625,449
MT,67,33200.997156030266,906
MT,69,634.4444444444445,21
MT,71,12364.033503016592,399
MT,73,31254.599131424136,638
MT,75,841.6148989898992,52
MT,77,12856.378163623816,450
MT,79,2753.5396873959376,57
MT,81,114171.35896477064,3462
MT,83,8410.042893217895,433
MT,85,106701.09439309637,2191
MT,87,51958.253404325944,1398
MT,89,32118.101851174422,1051
MT,91,4189.94246031746,180
MT,93,129408.55713659115,2944
MT,95,5586.382441900207,538
MT,97,2189.6715007215007,146
MT,99,12479.815404040402,426
MT,101,12189.43793363499,305
MT,103,2023.333333333333,42
MT,105,21918.92691134401,627
MT,107,2201.1770541549954,161
MT,109,439.66666666666674,33
MT,111,558188.7643670408,12063
MT,999,0.0,0
ND,1,1159.8730158730161,79
ND,3,49633.58390010044,669
ND,5,95007.23332755207,1724
ND,7,451.00000000000006,11
ND,9,5209.000614663115,325
ND,11,272.5357142857143,97
ND,13,982.1986111111113,87
ND,15,211580.71599345215,4667
ND,17,281504.57774772955,9478
ND,19,2859.0638888888893,125
ND,21,6907.24578110062,309
ND,23,2535.230952380953,116
ND,25,5257.76865079365,178
ND,27,3329.79007936508,143
ND,29,2942.369345238096,116
ND,31,11337.72892246642,135
ND,33,195.53472222222226,90
ND,35,166763.19438772663,4285
ND,37,1638.6761904761904,101
ND,39,1551.4007575757576,99
ND,41,20413.156389553427,95
ND,43,8706.505658954997,140
ND,45,8188.000036745161,125
ND,47,2511.2123321123318,80
ND,49,6774.750258537759,295
ND,51,1426.3232142857141,123
ND,53,15209.001082251085,544
ND,55,47415.18370244522,425
ND,57,4561.228703703703,312
ND,59,83034.07216005537,1857
ND,61,19471.59710929479,666
ND,63,3518.941534391534,144
ND,65,395.6969696969697,69
ND,67,8031.948719336219,369
ND,69,4710.45099067599,242
ND,71,44337.556664388685,976
ND,73,1695.384613997114,280
ND,75,2339.228030303031,92
ND,77,34469.460750865524,1083
ND,79,169083.50690042757,3127
ND,81,3919.2774216524213,129
ND,83,2683.9462301587305,92
ND,85,54640.613322662626,1190
ND,87,0.0,12
ND,89,30671.119137039863,1378
ND,91,485.22222222222223,92
ND,93,82651.3287497889,1332
ND,95,3237.9293345543347,120
ND,97,11499.61378066378,460
ND,99,20883.337551949684,809
ND,101,126456.94464320035,3397
ND,103,2508.103293807642,238
ND,105,40472.29927523958,1340
NE,0,102368.5875614678,4275
NE,1,72889.25012160951,3152
NE,3,14401.054341410225,500
NE,5,0.0,0
NE,7,427.77777777777777,42
NE,9,715.85,49
NE,11,3649.952014652015,270
NE,13,29071.953806640224,1136
NE,15,1191.7952380952381,152
NE,17,5727.981605975724,258
NE,19,90262.61564232972,4089
NE,21,13920.307271472488,534
NE,23,6254.004872442373,464
NE,25,62925.00938504754,1747
NE,27,6116.704456327986,442
NE,29,8330.115989729224,330
NE,31,5113.240689865689,511
NE,33,32091.45162301878,598
NE,35,9707.987447478992,639
NE,37,36887.573172391065,1373
NE,39,20421.544412123818,664
NE,41,27184.252986851912,873
NE,43,76153.30470199103,3316
NE,45,13906.072362808765,696
NE,47,71480.32940263032,3380
NE,49,1623.8845598845596,138
NE,51,7580.678246753247,304
NE,53,124141.97802664766,3875
NE,55,2293586.0679422542,58640
NE,57,3226.5831244778606,154
NE,59,14415.137706737713,411
NE,61,9091.290674325677,231
NE,63,2568.2497516372514,211
NE,65,8870.027408702408,441
NE,67,39338.145641934614,1792
NE,69,3211.455357142857,151
NE,71,4614.67095959596,166
NE,73,1138.025,132
NE,75,1146.7037037037042,70
NE,77,12614.209751588809,225
NE,79,176875.4292965318,7902
NE,81,12471.926739412906,636
NE,83,3373.4266666666663,234
NE,85,1186.3333333333333,45
NE,87,9061.681013431014,272
NE,89,22707.426989857348,908
NE,91,688.5952380952382,37
NE,93,13138.052796332207,436
NE,95,20923.247787836637,610
NE,97,6184.682567432567,342
NE,99,28427.554642287534,497
NE,101,16273.157117420336,675
NE,103,4.4375,62
NE,105,5472.604685081001,350
NE,107,21682.791000992467,844
NE,109,860679.9085191122,23978
NE,111,92656.70408738242,3225
NE,113,732.6666666666665,61
NE,115,2239.004419191919,35
NE,117,864.4166666666667,25
NE,119,119970.94450078404,3695
NE,121,16782.923200200214,637
NE,123,6050.314352314354,498
NE,125,5496.911984126984,262
NE,127,12435.829222513596,499
NE,129,7743.397053872053,318
NE,131,45028.153874420794,1220
NE,133,7360.625595238094,189
NE,135,2176.452651515151,154
NE,137,14520.984597980525,655
NE,139,16057.276302170052,447
NE,141,68946.22701581325,2650
NE,143,3697.0323773448767,325
NE,145,31534.752183032037,968
NE,147,22196.85617756426,750
NE,149,1595.9386809269165,101
NE,151,37602.252437339535,1314
NE,153,352716.7134114373,10695
NE,155,33411.822205004035,1290
NE,157,132262.4307873012,4684
NE,159,28254.08851814852,850
NE,161,11350.203914141415,519
NE,163,4550.204242979244,231
NE,165,488.8571428571429,46
NE,167,7444.650560958648,262
NE,169,7506.695533633035,322
NE,171,270.4,49
NE,173,71357.75203537109,1801
NE,175,5153.092980849558,313
NE,177,22671.900665021254,917
NE,179,26558.841974812254,641
NE,181,7373.839268139268,277
NE,183,158.375,44
NE,185,32430.14024808525,1081
NH,0,21643.91164632152,1553
NH,1,169208.43329032074,5226
NH,3,130974.5524426623,4054
NH,5,173867.23433687823,5595
NH,7,138969.92690536127,3342
NH,9,244206.20305886123,6014
NH,11,991779.2594983069,28481
NH,13,359040.94768780185,10302
NH,15,527955.5928364057,13182
NH,17,290410.2494666432,8888
NH,19,145354.56994611069,3663
NJ,1,1245814.101999425,28115
NJ,3,1744386.2253468598,35019
NJ,5,1319787.2305664762,23962
NJ,7,2791078.321466904,50295
NJ,9,343393.7384631181,7510
NJ,11,1013801.0472183326,22432
NJ,13,5026398.5279712835,98353
NJ,15,990613.0819947481,17944
NJ,17,3704186.4219475915,76338
NJ,19,112280.32273365502,2443
NJ,21,1575056.3416875175,27918
NJ,23,2608317.046205267,51581
NJ,25,1356728.7665877976,30604
NJ,27,581303.9200616118,13763
NJ,29,1640361.8473918082,52499
NJ,31,3395802.7259467924,64216
NJ,33,249417.88195627308,6407
NJ,35,794938.2226398069,11596
NJ,37,255396.54449214414,5161
NJ,39,2472388.739222456,49424
NJ,41,304149.11378465465,5303
NJ,999,1898.446428571429,125
NM,1,3816686.4365734574,95847
NM,3,8565.064285714287,291
NM,5,723496.8170330563,13812
NM,6,169187.68985373573,5632
NM,7,55462.29317368792,2196
NM,9,340673.2996781866,9028
NM,11,10251.46369047619,286
NM,13,1565826.452652856,45551
NM,15,369931.0614390987,9322
NM,17,140947.97752216202,4433
NM,19,26994.53445391754,733
NM,21,141.5625,28
NM,23,23356.225983024317,767
NM,25,376856.5989341799,12602
NM,27,103113.11641436876,3014
NM,28,9587.985846560849,375
NM,29,210290.89268926656,6024
NM,31,534096.9433718767,17270
NM,33,19988.35653028415,531
NM,35,180502.6470325497,7525
NM,37,83852.09881702272,1616
NM,39,296144.1459889623,9015
NM,41,133883.42700511072,3586
NM,43,731430.5277700665,18025
NM,45,816430.8974807285,23339
NM,47,238573.07940685962,5291
NM,49,575586.4884087632,16932
NM,51,67110.07059662502,1994
NM,53,98683.3993779956,3007
NM,55,166587.55749685026,4964
NM,57,106415.26184455953,3966
NM,59,25389.503230402494,840
NM,61,493016.2518058142,13468
NM,999,490.5,19
NV,0,48848.949250928876,5639
NV,1,32988.41396577561,1886
NV,5,34634.76459327708,1780
NV,7,39255.3081383092,2861
NV,9,0.0,29
NV,11,767.375,36
NV,13,8781.892058635804,1051
NV,15,4698.8172258297245,320
NV,17,1724.0194444444446,224
NV,19,78813.30873328018,3980
NV,21,14382.035262033289,401
NV,23,147673.5925447721,4067
NV,27,9163.7054841294,338
NV,29,1061.2916666666667,29
NV,33,14844.496798340548,674
NV,510,128859.25490767902,5126
NV,703,1675278.5445085238,170941
NV,731,284856.99498940696,30886
NV,803,57004.23046596077,2751
NV,831,16289.17021103896,677
NV,975,1472.3214285714284,45
OH,1,220423.36297393165,4597
OH,3,560471.7356027829,12730
OH,5,164405.78054011287,4688
OH,7,552297.9697068603,12518
OH,9,301732.62245493557,5656
OH,11,142909.654625367,3945
OH,13,251921.88091798587,6638
OH,15,258250.8674054727,5883
OH,17,1839371.6143404662,36569
OH,19,109818.70561348404,2871
OH,21,171306.2219961382,4206
OH,23,1010298.6161856964,18320
OH,25,856597.5935196277,18164
OH,27,249463.3899445634,5386
OH,29,557300.2967587105,12078
OH,31,210591.5481211386,4340
OH,33,228349.6270363978,5443
OH,35,9735713.790933874,148264
OH,37,131122.01151859056,4977
OH,39,147331.15003613452,4262
OH,41,329532.7341601737,7175
OH,43,397600.294892055,7809
OH,45,682262.7987363429,14286
OH,47,209034.73128467108,4155
OH,49,9499126.324939506,150897
OH,51,136106.49355659186,3952
OH,53,171254.77878726786,4046
OH,55,194445.9895033339,4118
OH,57,507608.30077371397,11442
OH,59,240836.59136604352,5201
OH,61,5970668.807699619,94029
OH,63,264176.49122740864,6468
OH,65,149623.95754427163,3303
OH,67,78504.5533642508,1717
OH,69,136768.92750789155,2678
OH,71,289235.0180509932,6102
OH,73,199849.86822246746,3993
OH,75,92899.62140540994,2396
OH,77,292743.62881073693,7154
OH,79,209331.87804313115,4928
OH,81,331591.7238864195,7823
OH,83,278836.94035164587,6012
OH,85,730261.0008847725,16101
OH,87,462846.23450823396,8493
OH,89,795808.243273515,17048
OH,91,260677.20410342942,5064
OH,93,1488821.3641908462,30019
OH,95,2728811.67489999,56788
OH,97,198591.19234260236,3811
OH,99,1395985.9618192366,26412
OH,101,414335.59235809353,8174
OH,103,396709.90853305813,9321
OH,105,122400.58281867715,3210
OH,107,99855.07419104585,2845
OH,109,405405.54505276185,8594
OH,111,58128.302485584725,1536
OH,113,3048526.1425596937,61959
OH,115,76594.97794566545,1838
OH,117,163291.75047871887,3848
OH,119,578561.8704442604,11910
OH,121,56477.48106874492,1306
OH,123,136201.01173505434,3207
OH,125,77116.17157697094,2089
OH,127,263342.2556056443,4983
OH,129,271271.9066609942,5793
OH,131,206795.34701350128,4539
OH,133,508395.3964797377,11916
OH,135,226133.5294424789,4418
OH,137,74995.72625553052,2270
OH,139,643179.0303054708,14606
OH,141,473732.28374944,10055
OH,143,230881.9532301953,6531
OH,145,477058.5299805036,11171
OH,147,252757.8488459607,6058
OH,149,210608.67632380527,5013
OH,151,1747000.6595439836,38427
OH,153,2634590.6528572883,51453
OH,155,1184074.9802224084,23263
OH,157,444377.4049782561,9498
OH,159,154389.03682812108,3578
OH,161,98320.66990752617,2918
OH,163,104928.45203612106,2278
OH,165,511909.7543284654,11014
OH,167,265025.0438027273,6141
OH,169,405569.9775528563,9514
OH,171,141962.14786010727,4276
OH,173,281329.5263386589,8190
OH,175,92846.87202005411,2008
OH,999,546038.2213421733,15330
OK,0,128113.62685994455,4865
OK,1,167769.32418071394,5392
OK,3,10811.988279857398,588
OK,5,74777.81175723774,2059
OK,7,14350.322053640803,593
OK,9,82318.49001460253,3088
OK,11,38341.953830291364,1776
OK,13,274618.95587984746,7248
OK,15,135256.57764308233,5631
OK,17,353824.48080451065,11283
OK,19,280330.6907626925,8303
OK,21,273230.6849268555,7570
OK,23,114399.59375874554,3098
OK,25,3346.877597402597,415
OK,27,763948.7995181719,23531
OK,29,45736.65300227641,994
OK,31,384310.0562861703,15103
OK,33,19925.577161727164,808
OK,35,77360.66976436375,2300
OK,37,380966.60377329227,10567
OK,39,94729.25662801164,3867
OK,41,187653.5474379264,5877
OK,43,7427.975090881339,564
OK,45,10969.578092903826,395
OK,47,191606.2700686753,8979
OK,49,121178.46029585645,4201
OK,51,172726.0115705376,5636
OK,53,7731.066037219483,497
OK,55,13521.504321536304,842
OK,57,16636.331179893703,513
OK,59,7108.538943001442,457
OK,61,75276.30387093843,2294
OK,63,91802.95379862355,2268
OK,65,85576.58613004921,3930
OK,67,28362.804757206733,1170
OK,69,105595.2213701029,1945
OK,71,230944.9457058232,8286
OK,73,31768.359030405674,1991
OK,75,28006.44280702957,1345
OK,77,61690.58510497715,1861
OK,79,166473.85587642007,8353
OK,81,138580.94256630205,4515
OK,83,120209.5989773183,4216
OK,85,40523.83480785568,1565
OK,87,136971.33033623942,4417
OK,89,227859.29745747085,6929
OK,91,91984.32661749386,2899
OK,93,13684.147167415915,950
OK,95,111042.65740449015,2703
OK,97,214176.89109668497,6659
OK,99,52635.157280700456,1797
OK,101,495193.0760102903,12608
OK,103,31784.855899964477,1479
OK,105,46439.33177210214,1476
OK,107,55368.96185936383,2048
OK,109,3621585.5206149807,114404
OK,111,184873.94156317748,6610
OK,113,107738.65889938113,3173
OK,115,223752.9809266332,6576
OK,117,101383.27278964652,2732
OK,119,244677.71119299892,7880
OK,121,253331.45053962077,6514
OK,123,250132.83493577648,5645
OK,125,447990.84967635,11538
OK,127,57334.310421600065,1835
OK,129,8809.735383597885,418
OK,131,319473.8698920405,9248
OK,133,200095.9481366327,4421
OK,135,233771.6066165449,7702
OK,137,171249.23074006345,5981
OK,139,45451.25932332469,3668
OK,141,40068.944814327406,1417
OK,143,2626256.333465042,88535
OK,145,233537.71822666487,7949
OK,147,250116.03897008928,6262
OK,149,28330.209034715288,1530
OK,151,20775.800205894328,791
OK,153,37493.579470285316,2726
OK,999,92551.42586715423,2722
OR,1,46146.26962385384,1571
OR,3,191244.3947628,4113
OR,5,847860.7096893918,24041
OR,7,77829.30713479414,3266
OR,9,144160.23668083007,4012
OR,11,285970.06367835164,6244
OR,13,56167.660702297224,1981
OR,15,46729.667265373515,1657
OR,17,466169.8293193301,14450
OR,19,554861.4061824426,10909
OR,21,2136.538095238095,128
OR,23,11403.599279375594,530
OR,25,19122.682034632042,661
OR,27,80581.77454017289,2307
OR,29,885162.929614087,21496
OR,31,138495.35721437415,3423
OR,33,437447.73441197135,9147
OR,35,279038.7622087541,7644
OR,37,17049.62460317461,671
OR,39,996755.2013502514,30024
OR,41,178307.09739199636,4512
OR,43,409531.59227733366,12692
OR,45,171043.58775387894,4797
OR,47,1336001.8679634123,41711
OR,49,35972.18651140526,1471
OR,51,2598864.9146386893,64960
OR,53,264995.1753222584,6802
OR,55,5200.852777777778,142
OR,57,69910.86332282914,2106
OR,59,194032.25303509005,9330
OR,61,54484.89470944171,2570
OR,63,13239.076316738816,513
OR,65,89054.43824832357,2743
OR,67,1328702.2004279525,38045
OR,69,2033.836842105263,115
OR,71,277951.6780368049,9547
OR,999,4026.3750954927427,225
SD,3,2992.326249098125,195
SD,5,54656.63612951159,2691
SD,7,38658.981984677695,951
SD,9,22085.837750351493,436
SD,11,37905.37538906471,1736
SD,13,69808.46283968186,2988
SD,15,32508.423189602414,501
SD,17,62282.98810859334,629
SD,19,43893.34281721818,1235
SD,21,340.56439393939394,31
SD,23,106949.64464928707,1601
SD,25,2668.392813765182,177
SD,27,19154.947534178777,1023
SD,29,45978.91624490348,2316
SD,31,42785.335419141,1135
SD,33,11867.020430867722,475
SD,35,79857.12861800153,1813
SD,37,15743.438902070158,490
SD,39,4265.050488400489,262
SD,41,124436.18623854936,1620
SD,43,4234.327793040292,149
SD,45,3031.4694444444453,169
SD,47,16367.509724755926,523
SD,49,1935.3236111111114,82
SD,51,12632.592460970403,491
SD,53,11563.745057720056,425
SD,55,1736.9928571428568,101
SD,57,8283.100289987791,625
SD,59,2158.1024087024084,166
SD,61,1602.4411181139124,132
SD,63,241.72619047619045,39
SD,65,54123.54977268461,1513
SD,67,4536.276399662428,384
SD,69,3904.311974789916,74
SD,71,59077.999521445905,657
SD,73,4126.50974025974,114
SD,75,7706.216143578643,81
SD,77,5551.9178571428565,281
SD,79,12418.060176683342,644
SD,81,45969.78757503903,1808
SD,83,32937.412688871846,1591
SD,85,49093.824989985056,710
SD,87,7933.903608762039,436
SD,89,2529.5781746031744,112
SD,91,5150.621517371516,271
SD,93,64793.03801520117,1718
SD,95,18544.2314617035,460
SD,97,5690.6609472049695,131
SD,99,686960.3022828379,18350
SD,101,12788.128174603171,514
SD,103,442472.87090314686,11556
SD,105,1272.9738095238095,154
SD,107,965.1075757575757,107
SD,109,110909.29117093053,1723
SD,111,1567.1087962962963,156
SD,113,439270.34348362096,5024
SD,115,18081.00883631075,437
SD,117,2702.3074915824923,202
SD,119,1181.2916666666667,40
SD,121,223998.4177526165,3544
SD,123,27565.13681467204,642
SD,125,13979.695648333145,546
SD,127,16750.3673007548,900
SD,129,20425.39211829837,573
SD,135,47936.02146052803,1873
SD,137,42768.26413001486,748
SD,999,217258.99956857305,1014
UT,0,3490.2239052492346,257
UT,1,6612.884559884561,567
UT,3,80926.87512103736,3819
UT,5,148585.72819529314,9033
UT,7,49383.421103769666,1996
UT,9,325.32738095238096,37
UT,11,357307.32243031915,17964
UT,13,32095.50136126128,1651
UT,15,20528.64547244423,894
UT,17,7741.03152566388,288
UT,19,10652.931409331415,786
UT,21,122503.04383013598,5030
UT,23,40329.28134414705,872
UT,25,7916.945834509695,476
UT,27,16533.545784372003,1141
UT,29,5002.438293650794,309
UT,31,820.9,123
UT,33,9534.24558080808,145
UT,35,1999045.2610821603,83296
UT,37,106180.20940995103,2276
UT,39,59266.46256472528,2482
UT,41,30620.924852382886,1969
UT,43,25596.596949945484,1369
UT,45,82162.6063848385,4726
UT,47,55334.703356910875,2450
UT,49,918954.1400308604,39946
UT,51,28528.325533438438,1434
UT,53,271378.21816517256,14643
UT,55,3974.6148268398265,175
UT,57,454539.8880922013,20059
VA,0,117288.72940375931,7253
VA,1,235917.54581530998,4496
VA,3,225510.62591131488,4813
VA,5,41894.891197913166,1362
VA,7,66300.40292801033,1106
VA,9,96999.17096775268,2452
VA,11,53877.171091043434,1432
VA,13,249258.80488375894,7407
VA,15,143117.4554174135,4482
VA,17,7670.937788916737,315
VA,19,136087.20669765054,3725
VA,21,10027.488397250898,417
VA,23,60544.52594162588,1237
VA,25,70212.67349253234,1785
VA,27,83257.77946083414,2348
VA,29,59209.84753045634,1618
VA,31,174301.79104898495,4489
VA,33,111646.04186714985,2751
VA,35,165235.40847054266,2847
VA,36,17106.595498434315,486
VA,37,36877.318382837526,1303
VA,41,995897.4872289716,22294
VA,43,11056.293106240164,522
VA,45,9816.258076067155,378
VA,47,176178.04378136183,4210
VA,49,35321.83488309456,1067
VA,51,54709.361577153024,1813
VA,53,117999.73827889051,2435
VA,57,61999.38771637701,1298
VA,59,2196759.492180659,53693
VA,61,99126.08231546832,3261
VA,63,52655.126426530696,1213
VA,65,53487.89386890702,1270
VA,67,184655.14257290628,4762
VA,69,174347.82191919626,5372
VA,71,65282.22868314144,1455
VA,73,104211.51095171332,2467
VA,75,47163.264302819814,800
VA,77,73658.45035987374,1465
VA,79,60013.13366588914,1363
VA,81,56910.85447276956,995
VA,83,135479.95289919226,3898
VA,85,174176.8318629085,3839
VA,87,1162517.0241070157,22813
VA,89,264312.0882519913,6440
VA,91,3015.3,96
VA,93,80545.49699558143,2221
VA,95,155169.92546069462,3358
VA,97,29476.554972735063,647
VA,99,80480.20383256274,1813
VA,101,42516.91229099593,1190
VA,103,67303.20458032153,971
VA,105,116614.41614676984,2916
VA,107,461436.2417855017,11341
VA,109,101698.80969358457,2654
VA,111,35318.61533069327,1274
VA,113,54852.65300259043,981
VA,115,12952.312765448063,498
VA,117,135285.56968358482,3147
VA,119,27597.40853389965,822
VA,121,217776.39985417554,4926
VA,125,51949.262324300566,1236
VA,127,33999.391193396434,802
VA,131,55336.681979518085,1482
VA,133,42390.09301976046,964
VA,135,94595.55888128707,1832
VA,137,133908.641893035,2366
VA,139,76341.07816523754,2188
VA,141,77683.51392827624,1750
VA,143,195768.69025812807,5595
VA,145,37853.176590143885,1059
VA,147,74352.58967692469,2012
VA,149,88815.11769548051,1745
VA,153,1162231.7446052732,31344
VA,155,119986.0263888308,2870
VA,157,13312.601570651572,411
VA,159,29261.003259344438,757
VA,161,230733.5571785218,5806
VA,163,46410.349290454265,1465
VA,165,148786.00340232172,4755
VA,167,107500.39812705836,2952
VA,169,66387.07814739489,2099
VA,171,93175.35171399359,3524
VA,173,169792.00000054267,3385
VA,175,70165.48346095486,1579
VA,177,317597.08599801076,8711
VA,179,321497.4508859297,7559
VA,181,18566.58201944255,559
VA,183,46121.598318092736,1011
VA,185,182141.34962013687,4365
VA,187,111180.16121051575,2990
VA,191,166917.91514599437,4353
VA,193,80546.49188977119,1685
VA,195,207105.34774782343,4756
VA,197,129496.46754932721,2669
VA,199,91051.93096886492,2084
VA,510,300755.4442898632,8285
VA,515,23021.08464492164,620
VA,520,119017.44891899967,2368
VA,530,20613.89187520535,690
VA,540,168566.57481544383,3064
VA,550,736605.3527291631,15610
VA,570,57435.978586580895,1445
VA,580,24329.81459469621,715
VA,590,317859.6637321518,6805
VA,595,98573.04838249422,1135
VA,600,11160.785613469205,375
VA,610,570.7708333333334,87
VA,620,65573.03079091861,1365
VA,630,89201.60608408984,2575
VA,640,67376.0525400623,1034
VA,650,785544.6843125257,13644
VA,660,153723.47258863357,4270
VA,670,230591.45755546476,3802
VA,678,10879.439033189034,213
VA,680,382961.6007334214,7677
VA,683,228943.9015706895,4603
VA,685,54188.53292337966,1573
VA,690,82695.50378133934,2128
VA,700,1104842.499386155,21256
VA,710,1263092.2335987857,26952
VA,720,15780.000498284826,496
VA,730,341032.6040340849,5270
VA,735,12890.910995400798,341
VA,740,620946.4520483884,13164
VA,750,38900.62853396603,937
VA,760,1660284.9270304162,27009
VA,770,749542.7415073147,13684
VA,775,4307.920150560224,98
VA,790,96498.12231513912,2253
VA,800,295018.0492150816,7040
VA,810,1167741.2588536043,24433
VA,820,109236.35197519537,2471
VA,830,46942.927097634325,734
VA,840,118025.58127016733,3305
VA,999,0.0,0
VT,0,19779.85220369228,1748
VT,1,154494.84824412095,3382
VT,3,152552.59870999304,4291
VT,5,145007.24764405086,4044
VT,7,431124.1018443515,10796
VT,9,25475.847834213437,800
VT,11,222066.07495384637,5872
VT,13,21334.093824977463,676
VT,15,112673.97376693293,2891
VT,17,112484.16361412957,3035
VT,19,106987.06200369618,3880
VT,21,207146.4190279176,6667
VT,23,185605.7417283951,5546
VT,25,147749.80215646702,4202
VT,27,289630.2889390403,5975
WA,0,16617.783697702078,411
WA,1,322243.9800333375,5538
WA,3,100131.16247090916,2792
WA,5,794891.1233307603,25176
WA,7,487477.05091963883,11834
WA,9,207807.54567313156,7450
WA,11,1560030.8106706247,53891
WA,13,15594.608330558332,481
WA,15,385432.2529527076,14574
WA,17,224104.31886089948,5888
WA,19,33220.11927933179,980
WA,21,732553.9099342709,19007
WA,23,10204.132972582973,241
WA,25,740304.963713204,19373
WA,27,268161.79629204073,9806
WA,29,138169.89513728445,5039
WA,31,59028.06531190475,2287
WA,33,5706919.558078253,151936
WA,35,545820.9619873611,19718
WA,37,151672.2776550854,3609
WA,39,71574.87794346457,2631
WA,41,326799.7495796887,11012
WA,43,36507.79461619034,1060
WA,45,265349.2316332247,7272
WA,47,301947.3453902293,7466
WA,49,58731.817793635964,2342
WA,51,51739.659607059606,1710
WA,53,3052575.5126931164,90506
WA,55,22587.065069734184,984
WA,57,401958.2638326486,15978
WA,59,35423.55408887409,1200
WA,61,2270511.432503432,65759
WA,63,2133199.3571416787,60042
WA,65,203072.07158840515,5994
WA,67,688360.2473447204,23036
WA,69,12749.286363636365,426
WA,71,293508.5260612595,7463
WA,73,680237.7416777356,19398
WA,75,63578.924039078425,2665
WA,77,2603247.6259199777,56933
WI,1,55908.26142703507,1951
WI,3,67306.41279933299,2298
WI,5,152819.49800914514,4785
WI,7,36350.442724896624,1457
WI,9,544283.897254289,24051
WI,11,14088.751146764573,1062
WI,13,50540.10805608544,1667
WI,15,51421.75595218462,2765
WI,17,164960.54957519437,6012
WI,19,78341.04598220048,3283
WI,21,87495.71873551286,3981
WI,23,42966.95572447958,1586
WI,25,921006.3881918031,31485
WI,27,137386.91583181566,6244
WI,29,57709.563454987656,2051
WI,31,149014.40922709365,4532
WI,33,115195.08910248155,3740
WI,35,230934.77203772648,8578
WI,37,4557.566720779221,333
WI,39,158018.46676658446,7609
WI,41,24394.095095889952,1133
WI,43,80130.06421358525,3660
WI,45,73356.15092861251,2950
WI,47,36766.23776191402,1576
WI,49,36196.948213668664,1745
WI,51,11276.591526610644,539
WI,53,42850.77542673946,2062
WI,55,166558.42167574627,6718
WI,57,74558.47937914872,2781
WI,59,435406.4110342673,18789
WI,61,37131.92550326135,1501
WI,63,195409.60972116352,8904
WI,65,25966.21086879738,1408
WI,67,52282.279235652175,2143
WI,69,73446.57104129593,2468
WI,71,167951.03492014913,6191
WI,73,329630.1858883334,12130
WI,75,81096.45403706853,3914
WI,77,26616.579877070806,1272
WI,78,32988.74808671719,1184
WI,79,6124271.014729185,150385
WI,81,99191.1539522488,4514
WI,83,62013.265069466564,2867
WI,85,84900.35557274053,2930
WI,87,270569.01547736145,12728
WI,89,69649.61427781089,3094
WI,91,8755.67768876004,542
WI,93,41806.639046112454,2349
WI,95,88706.40341591106,4056
WI,97,112424.48835468804,4908
WI,99,38561.1527983247,1246
WI,101,567241.190235322,22219
WI,103,50743.387441847386,1746
WI,105,493206.441120802,18548
WI,107,29218.242339890498,1664
WI,109,109408.35840005343,5345
WI,111,148539.17735245766,5465
WI,113,66178.89184938929,2185
WI,115,104359.1817950408,4073
WI,117,175091.08393657446,9505
WI,119,56110.42915007251,1922
WI,121,85720.71004782789,2758
WI,123,45472.734320256364,2602
WI,125,52375.722195681556,2135
WI,127,196430.28857786773,9299
WI,129,55230.414764823545,1817
WI,131,161331.18376527273,6780
WI,133,431907.31940440024,15513
WI,135,97090.12588943604,4358
WI,137,47063.9850275324,2213
WI,139,272258.59414429177,12741
WI,141,174614.2658985741,7468
WI,999,2372.066074346405,231
WV,0,312515.7180146993,9786
WV,1,32200.19999609094,1755
WV,3,85313.05949358143,9891
WV,5,39448.330113728014,2965
WV,7,28061.79178660392,1709
WV,9,17786.143778536047,1780
WV,11,352826.31814333657,9899
WV,13,13329.177824952822,866
WV,15,33849.858753502165,1609
WV,17,2079.363257575757,762
WV,19,86738.96731718468,5330
WV,21,4827.336336049572,624
WV,23,28432.17078276061,1069
WV,25,75849.43051728608,3409
WV,27,54289.48563769022,2342
WV,29,22316.276289543785,2789
WV,31,22827.770708458207,1477
WV,33,140336.03385107106,6543
WV,35,36160.34248215021,3156
WV,37,28764.648665167817,3666
WV,39,278747.28634818585,19615
WV,41,32800.83808612649,1911
WV,43,55656.95795928951,3057
WV,45,46194.23928345613,4379
WV,47,127830.05776381081,4955
WV,49,40152.6408637586,3131
WV,51,23870.707950652202,3082
WV,53,33786.494641217585,3444
WV,55,98819.26441644046,7899
WV,57,14106.319214843124,2353
WV,59,56186.30052994623,3537
WV,61,50430.50866714842,5075
WV,63,5971.027525252524,1182
WV,65,9363.19222999223,1533
WV,67,28787.849080756416,2978
WV,69,45583.748343568215,3581
WV,71,1819.1,576
WV,73,6523.218410468101,651
WV,75,26427.016953509457,776
WV,77,64252.798941132714,2793
WV,79,80799.3752711896,4004
WV,81,150149.0648764142,8601
WV,83,66703.63057325386,2990
WV,85,22696.53352514625,1044
WV,87,23278.699192248667,1903
WV,89,16005.113299922195,1391
WV,91,33393.651312179114,1540
WV,93,1244.6111111111113,577
WV,95,4807.088924963924,858
WV,97,21246.58256002309,2727
WV,99,125030.23800547588,4817
WV,101,26740.29824251041,1284
WV,103,26728.426810843954,1787
WV,105,8709.908876436863,745
WV,107,148428.86935755127,9437
WV,109,53005.68197706892,2794
WY,1,44948.53912386635,2068
WY,3,31823.839634867767,1013
WY,5,60532.2508810208,2582
WY,7,109924.75737056928,4838
WY,9,33301.05597140432,1035
WY,11,23827.56968073191,712
WY,13,148863.70987871313,5440
WY,15,24837.16713517964,1281
WY,17,13116.7511978762,388
WY,19,12656.813255698553,518
WY,21,170264.52282176947,3972
WY,23,138826.41245421243,1492
WY,25,222555.81006767054,6832
WY,27,6676.951190476191,275
WY,29,71553.23079656991,2572
WY,31,10821.629540434058,487
WY,33,45375.998666568565,1979
WY,35,8585.22638888889,401
WY,37,68186.36763721032,3581
WY,39,14675.8256012506,801
WY,41,36340.78870906856,2030
WY,43,23069.570091020094,775
WY,45,19200.942732778924,1057
